SITE_URL,ASSET_URI,CURRENT_BID,CLOSING_DATE_UTC,LOCATION,MAP_URL,MAKE/BRAND,MODEL,YEAR,MILES,VIN/SERIAL,LOT#,CONDITION,INVENTORY_ID,SELLER,ASSET_CONTACT,EMAIL,PHONE,ITEM_LOCATION,ACCOUNT_TYPE,TITLE_RESTRICTION,KILOMETERS
http://govdeals.com,/asset/212/96,2000.0,2024-12-18T14:45:00Z,"Neptune Beach, Florida, USA","http://maps.google.com/maps?q=30.324204,+-81.396262+(116 1st St)",Ford,Taurus,2015,"129,311.00 (Accurate?: Yes)",1FAHP2MK3FG142399,96-212,Used/See Description,1215,,Catherine Ponson,clerk@nbfl.us,+19042702400,"116 1st St, , Neptune Beach, Florida, 32266-6140, USA",Government,,
http://govdeals.com,/asset/84/25867,250.0,2024-12-18T14:45:00Z,"Buford, Georgia, USA","http://maps.google.com/maps?q=34.135008,+-83.975376+(3156 Buford Hwy)",Ford,Taurus,2015,"130,204.00 (Accurate?: )",1FAHP2MK0FG184657,25867-84,Used/See Description,,,,,,"3156 Buford Hwy, Buford, Georgia, 30518-6069, USA",Government,,
http://govdeals.com,/asset/280/8517,1500.0,2024-12-18T14:45:00Z,"Reedley, California, USA","http://maps.google.com/maps?q=36.596908,+-119.440765+(1701 W Huntsman Ave)",Ford,Taurus,2013,"155,866.00 (Accurate?: Yes)",1FAHP2D88DG136938,8517-280,Used/See Description,665,"Reedley, CA",,,,"1701 W Huntsman Ave, Reedley, California, 93654, USA",Government,,
http://govdeals.com,/asset/2019/1207,750.0,2024-12-18T14:45:00Z,"Marietta, Georgia, USA","http://maps.google.com/maps?q=33.960154,+-84.528992+(725 N Marietta Pkwy NE)",Ford,Interceptor Taurus,2016,"107,817.00 (Accurate?: Yes)",1FAHP2MT0GG133640,1207-2019,Used/See Description,5470,"Marietta, GA",Dawn Kil,DKil@mariettaga.gov,+17707945696,"725 N Marietta Pkwy NE, Marietta, Georgia, 30060-1530, USA",Government,,
http://govdeals.com,/asset/1237/19236,2075.0,2024-12-18T14:45:00Z,"Topeka, Kansas, USA","http://maps.google.com/maps?q=39.066895,+-95.712891+(2830 SW Kanza Dr)",Ford,Taurus,2017,"92,207.00 (Accurate?: Yes)",1FAHP2D80HG105625,19236-1237,Used/See Description,S-25-8136,State of Kansas,,,,"2830 SW Kanza Dr, Topeka, Kansas, 66606-2452, USA",Government,Clean Title,
http://govdeals.com,/asset/681/7193,1000.0,2024-12-18T14:45:00Z,"Ogden, Utah, USA","http://maps.google.com/maps?q=41.212353,+-111.980025+(175 W 29th St)",Ford,Taurus,2014,"124,870.00 (Accurate?: Yes)",1FAHP2L8XEG163044,7193-681,Used/See Description,14038,"Ogden City, UT",,,,"175 W 29th St, Ogden, Utah, 84401-3534, USA",Government,Clean Title,
http://govdeals.com,/asset/213/22193,4140.0,2024-12-18T14:45:00Z,"Saint Augustine, Florida, USA","http://maps.google.com/maps?q=29.940184,+-81.337633+(4015 Lewis Speedway)",Ford,Taurus,2016,"94,595.00 (Accurate?: Yes)",1FAHP2MK9GG109991,22193-213,Used/See Description,649,"St Johns County Sheriff's Office, FL",,,,"4015 Lewis Speedway, Saint Augustine, Florida, 32084-8611, USA",Government,Clean Title,
http://govdeals.com,/asset/211/96,2000.0,2024-12-18T14:45:00Z,"Neptune Beach, Florida, USA","http://maps.google.com/maps?q=30.324204,+-81.396262+(116 1st St)",Ford,Taurus,2015,"86,066.00 (Accurate?: Yes)",1FAHP2MK1FG142398,96-211,Used/See Description,1315,,Catherine Ponson,clerk@nbfl.us,+19042702400,"116 1st St, , Neptune Beach, Florida, 32266-6140, USA",Government,,
http://govdeals.com,/asset/8018/5389,100.0,2024-12-18T14:45:00Z,"Jacksonville, Florida, USA","http://maps.google.com/maps?q=30.337936,+-81.705529+(1096 North McDuff Ave )",Ford,Taurus,2017,"151,271.00 (Accurate?: Unknown)",1FAHP2MK0HG118984,5389-8018,Used/See Description,8018 303866 2405 51102,,Rodney Booker,rbooker@coj.net,+19042556638,"1096 North McDuff Ave , Jacksonville, Florida, 32254-2031, USA",Government,Clean Title,
http://govdeals.com,/asset/1809/404,1500.0,2024-12-18T14:45:00Z,"Jacksonville, North Carolina, USA","http://maps.google.com/maps?q=34.795171,+-77.535743+(411 Meadowview Rd)",Ford,Taurus,2014,"156,685.00 (Accurate?: )",1FAHP2MK7EG135129,404-1809,Used/See Description,24905,,Katie Bruce,Kathryn_Bruce@onslowcountync.gov,+19104551750,"411 Meadowview Rd, Jacksonville, North Carolina, 28540-7313, USA",Government,,
http://govdeals.com,/asset/15006/7167,350.0,2024-12-18T14:45:00Z,"Doral, Florida, USA","http://maps.google.com/maps?q=25.826218,+-80.340668+(8801 NW 58th St)",Ford,Taurus,2015,"144,072.00 (Accurate?: Yes)",1FAHP2L84JG128039,7167-15006,Used/See Description,5795A,"Miami-Dade County, FL",,,,"8801 NW 58th St, Entrance Is on 87th Avenue, Doral, Florida, 33178-1603, USA",Government,,
http://govdeals.com,/asset/686/7193,550.0,2024-12-18T14:45:00Z,"Ogden, Utah, USA","http://maps.google.com/maps?q=41.212353,+-111.980025+(175 W 29th St)",Ford,Taurus,2013,"135,311.00 (Accurate?: Yes)",1FAHP2L8XDG130592,7193-686,Used/See Description,13041,"Ogden City, UT",,,,"175 W 29th St, Ogden, Utah, 84401-3534, USA",Government,Clean Title,
http://govdeals.com,/asset/365/23002,330.0,2024-12-18T14:45:00Z,"Cookeville, Tennessee, USA","http://maps.google.com/maps?q=36.192221,+-85.479396+(2301 Fisk Rd)",Ford,Taurus,2003,"191,700.00 (Accurate?: Unknown)",1FAHP56S73G277539,23002-365,Used/See Description,,,Justin Fredrico,jturner.das@gmail.com,+19317393271,"2301 Fisk Rd, Cookeville, Tennessee, 38506-5006, USA",Commercial,Clean Title,
http://govdeals.com,/asset/887/6355,250.0,2024-12-18T14:45:00Z,"Sinton, Texas, USA","http://maps.google.com/maps?q=28.046444,+-97.510663+(313 N Rachal St)",Ford,Taurus,2013,"144,856.00 (Accurate?: Yes)",1FAHP2MK7DG212855,6355-887,Used/See Description,Lot 57 2013 Ford Taurus,,,,,"313 N Rachal St, Sinton, Texas, 78387-2617, USA",Government,Clean Title,
http://govdeals.com,/asset/31906/685,1001.0,2024-12-18T14:45:00Z,"West Columbia, South Carolina, USA","http://maps.google.com/maps?q=33.950918,+-81.110915+(1441 Boston Ave )",Ford,Taurus,2015,"128,125.00 (Accurate?: Yes)",1FAHP2MKXFG173231,685-31906,Used/See Description,254709003 (School Fence),,Bob Carson,bob.carson@admin.sc.gov,+18038966880,"1441 Boston Ave , West Columbia, South Carolina, 29170-2137, USA",Government,Clean Title,
http://govdeals.com,/asset/683/7193,575.0,2024-12-18T14:45:00Z,"Ogden, Utah, USA","http://maps.google.com/maps?q=41.212353,+-111.980025+(175 W 29th St)",Ford,Taurus,2013,"100,803.00 (Accurate?: Yes)",1FAHP2L8XDG123464,7193-683,Used/See Description,12069,"Ogden City, UT",,,,"175 W 29th St, Ogden, Utah, 84401-3534, USA",Government,Clean Title,
http://govdeals.com,/asset/1808/404,1800.0,2024-12-18T14:45:00Z,"Jacksonville, North Carolina, USA","http://maps.google.com/maps?q=34.795171,+-77.535743+(411 Meadowview Rd)",Ford,Taurus,2014,"149,034.00 (Accurate?: )",1FAHP2MK8EG135141,404-1808,Used/See Description,24895,,Katie Bruce,Kathryn_Bruce@onslowcountync.gov,+19104551750,"411 Meadowview Rd, Jacksonville, North Carolina, 28540-7313, USA",Government,,
http://govdeals.com,/asset/125/6423,1100.0,2024-12-18T14:45:00Z,"Chelsea, Massachusetts, USA","http://maps.google.com/maps?q=42.393253,+-71.033311+(500 Broadway)",Ford,Taurus,2012,"69,403.00 (Accurate?: Yes)",1FAHP2DW9CG111334,6423-125,Used/See Description,,"Chelsea, MA",Dragica Ivanis,divanis@chelseama.gov,+16174664220,"500 Broadway, Chelsea, Massachusetts, 02150-2948, USA",Government,Clean Title,
http://govdeals.com,/asset/214/96,1000.0,2024-12-18T14:45:00Z,"Neptune Beach, Florida, USA","http://maps.google.com/maps?q=30.324204,+-81.396262+(116 1st St)",Ford,Taurus,2013,"106,595.00 (Accurate?: Yes)",1FAHP2L85DG134520,96-214,Used/See Description,1113,,Catherine Ponson,clerk@nbfl.us,+19042702400,"116 1st St, , Neptune Beach, Florida, 32266-6140, USA",Government,,
http://govdeals.com,/asset/455/10563,2000.0,2024-12-18T14:45:00Z,"Marion, Iowa, USA","http://maps.google.com/maps?q=42.027096,+-91.573765+(195 35th St)",Ford,Taurus,2013,"129,646.00 (Accurate?: Yes)",1FAHP2M82DG124235,10563-455,Used/See Description,M-5,"Marion, IA",,,,"195 35th St, Marion, Iowa, 52302-3811, USA",Government,,
http://govdeals.com,/asset/15016/7167,10.0,2024-12-18T14:45:00Z,"Doral, Florida, USA","http://maps.google.com/maps?q=25.826218,+-80.340668+(8801 NW 58th St)",Ford,Taurus,2015,"164,253.00 (Accurate?: Yes)",1FAHP2L88FG203591,7167-15016,Used/See Description,3635A,"Miami-Dade County, FL",,,,"8801 NW 58th St, Entrance Is on 87th Avenue, Doral, Florida, 33178-1603, USA",Government,,
http://govdeals.com,/asset/32468/685,1170.4,2024-12-18T14:45:00Z,"West Columbia, South Carolina, USA","http://maps.google.com/maps?q=33.950918,+-81.110915+(1441 Boston Ave )",Ford,Taurus,2013,"130,466.00 (Accurate?: Yes)",1FAHP2M81DG198293,685-32468,Used/See Description,257065001 (School Fence),,Bob Carson,bob.carson@admin.sc.gov,+18038966880,"1441 Boston Ave , West Columbia, South Carolina, 29170-2137, USA",Government,Clean Title,
http://govdeals.com,/asset/1688/5858,2247.22,2024-12-18T14:45:00Z,"West Chicago, Illinois, USA","http://maps.google.com/maps?q=41.8446,+-88.19006+(29W222 Mack Rd)",Ford,Taurus,2015,"115,878.00 (Accurate?: Yes)",1FAHP2L81FG128989,5858-1688,Used/See Description,493,,Fleet Management,hteope@dupageforest.org,+16305807100,"29W222 Mack Rd, West Chicago, Illinois, 60185-4436, USA",Government,Clean Title,
http://govdeals.com,/asset/682/7193,1125.0,2024-12-18T14:45:00Z,"Ogden, Utah, USA","http://maps.google.com/maps?q=41.212353,+-111.980025+(175 W 29th St)",Ford,Taurus,2013,"80,383.00 (Accurate?: Yes)",1FAHP2L86DG123445,7193-682,Used/See Description,12050,"Ogden City, UT",,,,"175 W 29th St, Ogden, Utah, 84401-3534, USA",Government,Clean Title,
http://govdeals.com,/asset/8015/5389,118.0,2024-12-18T14:45:00Z,"Jacksonville, Florida, USA","http://maps.google.com/maps?q=30.337936,+-81.705529+(1096 North McDuff Ave )",Ford,Taurus,2017,"118,936.00 (Accurate?: Unknown)",1FAHP2MKXHG122752,5389-8015,Used/See Description,8015 303863 2080 51102,,Rodney Booker,rbooker@coj.net,+19042556638,"1096 North McDuff Ave , Jacksonville, Florida, 32254-2031, USA",Government,Clean Title,
http://govdeals.com,/asset/14998/7167,10.0,2024-12-18T14:45:00Z,"Doral, Florida, USA","http://maps.google.com/maps?q=25.826218,+-80.340668+(8801 NW 58th St)",Ford,Taurus,2015,"105,885.00 (Accurate?: Yes)",1FAHP2L87FG203551,7167-14998,Used/See Description,3653A,"Miami-Dade County, FL",,,,"8801 NW 58th St, Entrance Is on 87th Avenue, Doral, Florida, 33178-1603, USA",Government,,
http://govdeals.com,/asset/32452/685,741.0,2024-12-18T14:45:00Z,"West Columbia, South Carolina, USA","http://maps.google.com/maps?q=33.950918,+-81.110915+(1441 Boston Ave )",Ford,Taurus,2017,"143,489.00 (Accurate?: Yes)",1FAHP2MKXHG113601,685-32452,Used/See Description,257065005 (School Fence),,Bob Carson,bob.carson@admin.sc.gov,+18038966880,"1441 Boston Ave , West Columbia, South Carolina, 29170-2137, USA",Government,Clean Title,
http://govdeals.com,/asset/1807/404,1500.0,2024-12-18T14:45:00Z,"Jacksonville, North Carolina, USA","http://maps.google.com/maps?q=34.795171,+-77.535743+(411 Meadowview Rd)",Ford,Taurus,2014,"148,712.00 (Accurate?: )",1FAHP2MK5EG135145,404-1807,Used/See Description,24903,,Katie Bruce,Kathryn_Bruce@onslowcountync.gov,+19104551750,"411 Meadowview Rd, Jacksonville, North Carolina, 28540-7313, USA",Government,,
http://govdeals.com,/asset/15015/7167,12.0,2024-12-18T14:45:00Z,"Doral, Florida, USA","http://maps.google.com/maps?q=25.826218,+-80.340668+(8801 NW 58th St)",Ford,Taurus,2014,"134,615.00 (Accurate?: Yes)",1FAHP2L85EG186344,7167-15015,Used/See Description,3111A,"Miami-Dade County, FL",,,,"8801 NW 58th St, Entrance Is on 87th Avenue, Doral, Florida, 33178-1603, USA",Government,,
http://govdeals.com,/asset/15001/7167,10.0,2024-12-18T14:45:00Z,"Doral, Florida, USA","http://maps.google.com/maps?q=25.826218,+-80.340668+(8801 NW 58th St)",Ford,Taurus,2017,"71,997.00 (Accurate?: Yes)",1FAHP2L8XHG122692,7167-15001,Used/See Description,4685A,"Miami-Dade County, FL",,,,"8801 NW 58th St, Entrance Is on 87th Avenue, Doral, Florida, 33178-1603, USA",Government,,
http://govdeals.com,/asset/15000/7167,100.0,2024-12-18T14:45:00Z,"Doral, Florida, USA","http://maps.google.com/maps?q=25.826218,+-80.340668+(8801 NW 58th St)",Ford,Taurus,2017,"71,997.00 (Accurate?: Yes)",1FAHP2L84HG122686,7167-15000,Used/See Description,4658A,"Miami-Dade County, FL",,,,"8801 NW 58th St, Entrance Is on 87th Avenue, Doral, Florida, 33178-1603, USA",Government,,
http://govdeals.com,/asset/878/6355,575.0,2024-12-18T14:45:00Z,"Sinton, Texas, USA","http://maps.google.com/maps?q=28.028427,+-97.513867+(219 W 5th St)",Ford,Taurus,2017,"168,142.00 (Accurate?: Yes)",1FAHP2MK2HG105623,6355-878,Used/See Description,Lot 45 2017 Taurus,,,,,"219 W 5th St, Sinton, Texas, 78387-3708, USA",Government,Clean Title,
http://govdeals.com,/asset/15005/7167,500.0,2024-12-18T14:45:00Z,"Doral, Florida, USA","http://maps.google.com/maps?q=25.826218,+-80.340668+(8801 NW 58th St)",Ford,Taurus,2018,"110,830.00 (Accurate?: Yes)",1FAHP2L86JG128043,7167-15005,Used/See Description,5778A,"Miami-Dade County, FL",,,,"8801 NW 58th St, Entrance Is on 87th Avenue, Doral, Florida, 33178-1603, USA",Government,,
http://govdeals.com,/asset/43/8642,1100.0,2024-12-18T14:45:00Z,"Chattahoochee Hills, Georgia, USA","http://maps.google.com/maps?q=33.577423,+-84.768328+(6505 Rico Rd)",Ford,Taurus,2014,"127,946.00 (Accurate?: Yes)",1FAHP2L83EG105356,8642-43,Used/See Description,,"Chattahoochee Hills, GA",,,,"6505 Rico Rd, Chattahoochee Hills, Georgia, 30268-2064, USA",Government,Clean Title,
http://govdeals.com,/asset/720/10478,1000.0,2024-12-18T14:45:00Z,"Fairmont, West Virginia, USA","http://maps.google.com/maps?q=39.48063,+-80.14686+(320 Lafayette St)",Ford,Taurus,2015,"160,279.00 (Accurate?: Yes)",1FAHP2MK5FG142596,10478-720,Used/See Description,,"West Virginia State Police, WV",,,,"320 Lafayette St, , Fairmont, West Virginia, 26554-3543, USA",Government,Clean Title,
http://govdeals.com,/asset/147/5733,1500.0,2024-12-18T14:45:00Z,"Waterford, Connecticut, USA","http://maps.google.com/maps?q=41.341924,+-72.133404+(15 Rope Ferry Rd)",Ford,Taurus,2019,"133,970.00 (Accurate?: Yes)",1FAHP2MK8KG106444,5733-147,Used/See Description,101657,"Waterford, CT",,,,"15 Rope Ferry Rd, Waterford, Connecticut, 06385-2806, USA",Government,Clean Title,
http://govdeals.com,/asset/2/27806,600.0,2024-12-18T14:45:00Z,"Montpelier, Indiana, USA","http://maps.google.com/maps?q=40.555007,+-85.280931+(300 W Huntington St)",Ford,Taurus,2013,"131,670.00 (Accurate?: Yes)",1FAHP2L82DG177678,27806-2,Used/See Description,,"Montpelier, IN",,,,"300 W Huntington St, Montpelier, Indiana, 47359-1006, USA",Government,Clean Title,
http://govdeals.com,/asset/15018/7167,10.0,2024-12-18T14:45:00Z,"Doral, Florida, USA","http://maps.google.com/maps?q=25.826218,+-80.340668+(8801 NW 58th St)",Ford,Taurus,2016,"69,082.00 (Accurate?: Yes)",1FAHP2L88GG154247,7167-15018,Used/See Description,4623A,"Miami-Dade County, FL",,,,"8801 NW 58th St, Entrance Is on 87th Avenue, Doral, Florida, 33178-1603, USA",Government,,
http://govdeals.com,/asset/108/6122,100.0,2024-12-18T14:45:00Z,"Trumbull, Connecticut, USA","http://maps.google.com/maps?q=41.249216,+-73.207637+(366 Church Hill Rd)",Ford,Taurus,2006,,1FAFP53U86A152795,6122-108,Scrap,Asset 2795-2006-Ford-2795,"Trumbull, CT",Kevin Bova,kbova@trumbull-ct.gov,+12034525042,"366 Church Hill Rd, Trumbull, Connecticut, 06611-3820, USA",Government,Yes: Other (See Description),
http://govdeals.com,/asset/684/7193,500.0,2024-12-18T14:45:00Z,"Ogden, Utah, USA","http://maps.google.com/maps?q=41.212353,+-111.980025+(175 W 29th St)",Ford,Taurus,2013,"106,943.00 (Accurate?: Yes)",1FAHP2L83DG123449,7193-684,Used/See Description,12054,"Ogden City, UT",,,,"175 W 29th St, Ogden, Utah, 84401-3534, USA",Government,Clean Title,
http://govdeals.com,/asset/405/3111,625.0,2024-12-18T14:45:00Z,"Fuquay Varina, North Carolina, USA","http://maps.google.com/maps?q=35.571276,+-78.770162+(1415 Holland Rd)",Ford,Taurus,2014,"125,974.00 (Accurate?: Yes)",1FAHP2MK1EG122053,3111-405,Used/See Description,PR 56,"Fuquay-Varina, NC",James Jordan,jjordan@fuquay-varina.org,+19198686005,"1415 Holland Rd, Fuquay Varina, North Carolina, 27526-7894, USA",Government,Clean Title,
http://govdeals.com,/asset/8017/5389,100.0,2024-12-18T14:45:00Z,"Jacksonville, Florida, USA","http://maps.google.com/maps?q=30.337936,+-81.705529+(1096 North McDuff Ave )",Ford,Taurus,2017,"149,406.00 (Accurate?: Unknown)",1FAHP2MK7HG122742,5389-8017,Used/See Description,8017 303865 2260 51102,,Rodney Booker,rbooker@coj.net,+19042556638,"1096 North McDuff Ave , Jacksonville, Florida, 32254-2031, USA",Government,Clean Title,
http://govdeals.com,/asset/1476/11984,525.0,2024-12-18T14:45:00Z,"Providence, Rhode Island, USA","http://maps.google.com/maps?q=41.8391,+-71.4361+(1 Capitol Hl)",Ford,Taurus,2007,"171,613.00 (Accurate?: Yes)",1FAFP53U77A120731,11984-1476,Used/See Description,23988,State of Rhode Island,,,,"1 Capitol Hl, , Providence, Rhode Island, 02908-5816, USA",Government,,
http://govdeals.com,/asset/8019/5389,211.0,2024-12-18T14:45:00Z,"Jacksonville, Florida, USA","http://maps.google.com/maps?q=30.337936,+-81.705529+(1096 North McDuff Ave )",Ford,Taurus,2017,"117,279.00 (Accurate?: Unknown)",1FAHP2MK3HG130031,5389-8019,Used/See Description,8019 303867 2422 51102,,Rodney Booker,rbooker@coj.net,+19042556638,"1096 North McDuff Ave , Jacksonville, Florida, 32254-2031, USA",Government,Clean Title,
http://govdeals.com,/asset/1451/11984,240.0,2024-12-18T14:45:00Z,"Providence, Rhode Island, USA","http://maps.google.com/maps?q=41.8391,+-71.4361+(1 Capitol Hl)",Ford,Taurus,2005,"29,159.00 (Accurate?: Unknown)",1FAFP53U15A279483,11984-1451,Used/See Description,23890,State of Rhode Island,,,,"1 Capitol Hl, , Providence, Rhode Island, 02908-5816, USA",Government,Clean Title,
http://govdeals.com,/asset/761/44,2599.99,2024-12-18T14:45:00Z,"Montgomery, Alabama, USA","http://maps.google.com/maps?q=32.373887,+-86.307224+(200 Scott St)",Ford,Taurus,2018,"153,006.00 (Accurate?: Yes)",1FAHP2MK7JG105977,44-761,Used/See Description,6579,"Montgomery County Commission, AL",Kirk Harbin,KirkHarbin@mc-ala.org,+13348327117,"200 Scott St, , Montgomery, Alabama, 36104, USA",Government,Clean Title,
http://govdeals.com,/asset/685/7193,2025.0,2024-12-18T14:45:00Z,"Ogden, Utah, USA","http://maps.google.com/maps?q=41.212353,+-111.980025+(175 W 29th St)",Ford,Taurus,2013,"77,770.00 (Accurate?: Yes)",1FAHP2L80DG123442,7193-685,Used/See Description,12047,"Ogden City, UT",,,,"175 W 29th St, Ogden, Utah, 84401-3534, USA",Government,Clean Title,
http://govdeals.com,/asset/1/27532,1500.0,2024-12-18T14:45:00Z,"Ottoville, Ohio, USA","http://maps.google.com/maps?f=q&hl=en&q=150 Park Drive,+Ottoville,+OH+45876",Ford,Taurus,2013,"70,353.00 (Accurate?: Yes)",1FAHP2M81DG212841,27532-1,Used/See Description,,"Ottoville Village, OH",,,,"150 Park Drive, Ottoville, Ohio, 45876, USA",Government,Clean Title,
http://govdeals.com,/asset/4195/19,535.0,2024-12-18T14:45:00Z,"Chesterfield, Virginia, USA","http://maps.google.com/maps?q=37.38041305541992,+-77.50691223144531+(9700 Lori Ln)",Ford,Taurus,2014,"108,054.00 (Accurate?: Yes)",1FAHP2MK6EG148681,19-4195,Used/See Description,14047,"Chesterfield County, VA",,,,"9700 Lori Ln, , Chesterfield, Virginia, 23832, USA",Government,Clean Title,
http://govdeals.com,/asset/133/24442,3100.0,2024-12-18T14:45:00Z,"San Luis Obispo, California, USA","http://maps.google.com/maps?q=35.321482,+-120.723706+(1355A Kansas Ave)",Ford,Taurus,2011,"68,579.00 (Accurate?: Yes)",1FAHP2DW0BG157732,24442-133,Used/See Description,1632,"San Luis Obispo County, CA",,,,"1355A Kansas Ave, San Luis Obispo, California, 93405-7610, USA",Government,Clean Title,
http://govdeals.com,/asset/5209/4923,800.0,2024-12-18T14:45:00Z,"Oklahoma City, Oklahoma, USA","http://maps.google.com/maps?q=35.468155,+-97.521246+(100 N Walker Ave)",Ford,Taurus Interceptor FWD,2015,"127,460.00 (Accurate?: Yes)",1FAHP2L89FG135964,4923-5209,Used/See Description,1513097,"Oklahoma City, OK",Sherry Cochran-Schmees,sherry.cochranschmees@okc.gov,+14052973138,"100 N Walker Ave, Oklahoma City, Oklahoma, 73102-2230, USA",Government,,
http://govdeals.com,/asset/47207/8149,720.0,2024-12-18T14:45:00Z,"Denver, Colorado, USA","http://maps.google.com/maps?q=39.794295,+-104.901488+(5440 Roslyn St)",Ford,Taurus Police Interceptor,2013,"78,931.00 (Accurate?: Yes)",1FAHP2M89DG127083,8149-47207,Used/See Description,A3003,"Denver City and County, CO",,,,"5440 Roslyn St, Building A, Denver, Colorado, 80216-6002, USA",Government,Clean Title,
http://govdeals.com,/asset/47205/8149,920.0,2024-12-18T14:45:00Z,"Denver, Colorado, USA","http://maps.google.com/maps?q=39.794295,+-104.901488+(5440 Roslyn St)",Ford,Taurus Police Interceptor,2014,"139,926.00 (Accurate?: Yes)",1FAHP2MK3EG120269,8149-47205,Used/See Description,A4329,"Denver City and County, CO",,,,"5440 Roslyn St, Building A, Denver, Colorado, 80216-6002, USA",Government,Clean Title,
http://govdeals.com,/asset/220/22193,600.0,2024-12-18T14:45:00Z,"Saint Augustine, Florida, USA","http://maps.google.com/maps?q=29.940184,+-81.337633+(4015 Lewis Speedway)",Ford,Taurus,2015,"120,954.00 (Accurate?: )",1FAHP2MK8FG133715,22193-220,Used/See Description,INV: FLEET 590,"St Johns County Sheriff's Office, FL",,,,"4015 Lewis Speedway, Saint Augustine, Florida, 32084-8611, USA",Government,,
http://govdeals.com,/asset/40/967,100.0,2024-12-18T14:45:00Z,"Isle Of Palms, South Carolina, USA","http://maps.google.com/maps?q=32.785857,+-79.789711+(30 J C Long Blvd)",Ford,Taurus,2017,,1FAHP2MK6HG119055,967-40,Used/See Description,515,,,,,"30 J C Long Blvd, Isle Of Palms, South Carolina, 29451-2282, USA",Government,,
http://govdeals.com,/asset/63/8472,30.0,2024-12-18T14:45:00Z,"Montgomery, Illinois, USA","http://maps.google.com/maps?q=41.7216,+-88.3538+(991 Knell St)",Ford,Taurus Police AWD,2019,"103,066.00 (Accurate?: Yes)",1FAHP2MK8KG105911,8472-63,Used/See Description,891,"Montgomery Village, IL",Mark Wolf,mwolf@montgomeryil.org,+13312129043,"991 Knell St, Montgomery, Illinois, 60538, USA",Government,Clean Title,
http://govdeals.com,/asset/64/8472,402.0,2024-12-18T14:45:00Z,"Montgomery, Illinois, USA","http://maps.google.com/maps?q=41.7216,+-88.3538+(991 Knell St)",Ford,Taurus Police AWD,2019,"96,337.00 (Accurate?: Yes)",1FAHP2MK3KG112183,8472-64,Used/See Description,893,"Montgomery Village, IL",Mark Wolf,mwolf@montgomeryil.org,+13312129043,"991 Knell St, Montgomery, Illinois, 60538, USA",Government,Clean Title,
http://govdeals.com,/asset/65/8472,72.0,2024-12-18T14:45:00Z,"Montgomery, Illinois, USA","http://maps.google.com/maps?q=41.7216,+-88.3538+(991 Knell St)",Ford,Taurus Police AWD,2017,"101,435.00 (Accurate?: Yes)",1FAHP2MK3HG133964,8472-65,Used/See Description,8972,"Montgomery Village, IL",Mark Wolf,mwolf@montgomeryil.org,+13312129043,"991 Knell St, Montgomery, Illinois, 60538, USA",Government,,
http://govdeals.com,/asset/406/3111,550.0,2024-12-18T14:45:00Z,"Fuquay Varina, North Carolina, USA","http://maps.google.com/maps?q=35.571276,+-78.770162+(1415 Holland Rd)",Ford,Taurus,2015,"121,850.00 (Accurate?: Yes)",1FAHP2MKXFG110694,3111-406,Used/See Description,PR 57,"Fuquay-Varina, NC",James Jordan,jjordan@fuquay-varina.org,+19198686005,"1415 Holland Rd, Fuquay Varina, North Carolina, 27526-7894, USA",Government,Clean Title,
http://govdeals.com,/asset/125/9720,1275.0,2024-12-18T14:45:00Z,"Alliance, Ohio, USA","http://maps.google.com/maps?q=40.92177,+-81.09824+(504 E Main St)",Ford,Taurus,2018,"112,815.00 (Accurate?: Yes)",1FAHP2MT5JG131230,9720-125,Used/See Description,,"Alliance, OH",Jennifer Merriman,Merrimanja@allianceoh.gov,+13308292235,"504 E Main St, Alliance, Ohio, 44601-2400, USA",Government,,
http://govdeals.com,/asset/5617/23260,110.0,2024-12-18T14:45:00Z,"Henrico, Virginia, USA","http://maps.google.com/maps?q=37.494319,+-77.375791+(1910 Darbytown Rd)",FORD,TAURUS,2017,,1FAHP2D84HG108866,23260-5617,Used/See Description,194-0603-09999,,,,,"1910 Darbytown Rd, Henrico, Virginia, 23231-5312, USA",Government,,
http://govdeals.com,/asset/1396/433,2419.0,2024-12-18T14:45:00Z,"New Orleans, Louisiana, USA","http://maps.google.com/maps?q=29.99699,+-90.03009+(3800 Alvar St)",Ford,Taurus,2018,"60,000.00 (Accurate?: Unknown)",1FAHP2L84JG112617,433-1396,Used/See Description,APOL18039,,,,,"3800 Alvar St, , New Orleans, Louisiana, 70126-5504, USA",Government,Clean Title,
http://govdeals.com,/asset/1008/2052,100.0,2024-12-18T14:45:00Z,"Delray Beach, Florida, USA","http://maps.google.com/maps?q=26.453721,+-80.072966+(434 S Swinton Ave)",Ford,Taurus,2013,"72,171.00 (Accurate?: Yes)",1FAHP2M88DG148684,2052-1008,Used/See Description,PD-1306,,Andrew Rayfield,rayfield@mydelraybeach.com,+15612437333,"434 S Swinton Ave, Delray Beach, Florida, 33444-3553, USA",Government,Yes: No Title,
http://govdeals.com,/asset/1340/433,438.75,2024-12-18T14:45:00Z,"New Orleans, Louisiana, USA","http://maps.google.com/maps?q=29.99699,+-90.03009+(3800 Alvar St)",Ford,Taurus,2018,"72,000.00 (Accurate?: Unknown)",1FAHP2L88JG112605,433-1340,Scrap,APOL18049,,,,,"3800 Alvar St, , New Orleans, Louisiana, 70126-5504, USA",Government,Clean Title,
http://govdeals.com,/asset/221/22193,600.0,2024-12-18T14:45:00Z,"Saint Augustine, Florida, USA","http://maps.google.com/maps?q=29.940184,+-81.337633+(4015 Lewis Speedway)",Ford,Taurus,2016,"80,485.00 (Accurate?: )",1FAHP2MK8GG136793,22193-221,Used/See Description,Fleet: 678,"St Johns County Sheriff's Office, FL",,,,"4015 Lewis Speedway, Saint Augustine, Florida, 32084-8611, USA",Government,,
http://govdeals.com,/asset/322/3758,160.0,2024-12-18T14:45:00Z,"Lebanon, Tennessee, USA","http://maps.google.com/maps?q=36.1944694519043,+-86.2734375+(1017 Sparta Pike)",Ford,Taurus,2002,"252,630.00 (Accurate?: Yes)",1FAFP52U12A149104,3758-322,Used/See Description,24-006446,"Lebanon Police Department, TN",Sierra Luna,sierra.luna@lebanontn.org,+16154534328,"1017 Sparta Pike, , Lebanon, Tennessee, 37087, USA",Government,Yes: Court Documents Only,
http://govdeals.com,/asset/1705/8318,2585.0,2024-12-18T14:45:00Z,"Leesport, Pennsylvania, USA","http://maps.google.com/maps?q=40.383217,+-76.011053+(1238 County Welfare Rd)",Ford,Taurus,2015,"53,085.00 (Accurate?: Yes)",1FAHP2MK7FG194215,8318-1705,Used/See Description,1768,"Berks County, PA",,,,"1238 County Welfare Rd, Leesport, Pennsylvania, 19533-9705, USA",Government,Clean Title,
http://govdeals.com,/asset/22593/2,52.0,2024-12-18T14:45:00Z,"Nashville, Tennessee, USA","http://maps.google.com/maps?q=36.111561,+-86.691467+(1417 Murfreesboro Pike)",Ford,Taurus,2018,"105,901.00 (Accurate?: )",1FAHP2L83JG105996,2-22593,Used/See Description,8776AH,"Metropolitan Government of Nashville and Davidson County, TN",,,,"1417 Murfreesboro Pike, Nashville, Tennessee, 37217-3600, USA",Government,,
http://govdeals.com,/asset/37677/8445,1025.0,2024-12-18T14:45:00Z,"Tumwater, Washington, USA","http://maps.google.com/maps?q=46.980812,+-122.911591+(7511 New Market St SW)",Ford,Taurus,2006,"91,597.00 (Accurate?: Yes)",1FAFP53206A147704,8445-37677,Used/See Description,24-3739,"State of Washington Surplus Operations, WA",,,,"7511 New Market St SW, [Only by Appointment], Tumwater, Washington, 98501-5701, USA",Government,Clean Title,
http://govdeals.com,/asset/15309/10337,1075.0,2024-12-18T14:45:00Z,"Columbus, Ohio, USA","http://maps.google.com/maps?q=39.95633,+-83.115778+(4200 Surface Rd)",Ford,Taurus,2015,"141,813.00 (Accurate?: Yes)",1FAHP2MK3FG149479,10337-15309,Used/See Description,25V259153/B-23,"State of Ohio, OH",,,,"4200 Surface Rd, Columbus, Ohio, 43228-1313, USA",Government,Clean Title,
http://govdeals.com,/asset/733/9288,575.0,2024-12-18T14:45:00Z,"Cornwall, Ontario, CAN","http://maps.google.com/maps?q=45.015897,+-74.724046+(100 Water St E)",Ford,Taurus,2015,,1FAHP2MK8FG112962,9288-733,Used/See Description,24-S102,"Cornwall, ON",,,,"100 Water St E, Cornwall, Ontario, K6H 6G4, CAN",Government,,"96,195.00 (Accurate?: Unknown)"
http://govdeals.com,/asset/2989/7735,4000.0,2024-12-18T14:45:00Z,"Salt Lake City, Utah, USA","http://maps.google.com/maps?q=40.764492,+-111.830017+(2110 East Stover Street)",Ford,Taurus Police Interceptor,2016,"101,740.00 (Accurate?: Yes)",1FAHP2MK3GG128259,7735-2989,Used/See Description,166270-1 V04929,"University of Utah, University Surplus and Salvage, UT",Michael Gordon,mike.gordon@utah.edu,+18012132760,"2110 East Stover Street, Salt Lake City, Utah, 84113-4500, USA",Government,Clean Title,
http://govdeals.com,/asset/44784/357,200.0,2024-12-18T14:45:00Z,"Statesboro, Georgia, USA","http://maps.google.com/maps?q=32.410795,+-81.764918+(375 Lanier Dr)",Ford,Taurus Wagon,1999,"140,896.00 (Accurate?: Unknown)",1FAFP58U5XA288828,357-44784,Used/See Description,194113 NM,State of Georgia,Department of Administrative Services Surplus Property,publicsurplussales@doas.ga.gov,+14046578544,"375 Lanier Dr, Georgia Southern University, Statesboro, Georgia, 30458-1688, USA",Government,Clean Title,
http://govdeals.com,/asset/572/4553,70.0,2024-12-18T14:45:00Z,"Manchester, New Hampshire, USA","http://maps.google.com/maps?q=42.979996,+-71.451658+(480 Hayward St)",Ford,Taurus,2017,"82,275.00 (Accurate?: Yes)",1FAHP2MK7HG130839,4553-572,Used/See Description,634 5 PD-1576,,,,,"480 Hayward St, , Manchester, New Hampshire, 03103-5006, USA",Government,,
http://govdeals.com,/asset/573/4553,10.0,2024-12-18T14:45:00Z,"Manchester, New Hampshire, USA","http://maps.google.com/maps?q=42.979996,+-71.451658+(480 Hayward St)",Ford,Taurus,2018,"81,532.00 (Accurate?: Yes)",1FAHP2MK7JG137036,4553-573,Used/See Description,634 34 PD-1655,,,,,"480 Hayward St, , Manchester, New Hampshire, 03103-5006, USA",Government,,
http://govdeals.com,/asset/32265/685,500.0,2024-12-18T14:45:00Z,"Florence, South Carolina, USA","http://maps.google.com/maps?q=34.184088,+-79.754667+(714 E National Cemetery Rd)",Ford,Taurus,2001,"218,780.00 (Accurate?: Yes)",1FAFP522X1A237680,685-32265,Used/See Description,256436006 (DDSN Pee Dee),,Kelly Ulmer,Kelly.Ulmer@admin.sc.gov,+18038966880,"714 E National Cemetery Rd, SCDDSN-Pee Dee Regional Center, Florence, South Carolina, 29506-3230, USA",Government,Clean Title,
http://govdeals.com,/asset/118/21880,1525.0,2024-12-18T14:45:00Z,"Yakima, Washington, USA","http://maps.google.com/maps?q=46.599801,+-120.501607+(200 S 3rd St)",Ford,Taurus,2013,"89,523.00 (Accurate?: Yes)",1FAHP2L81DG123580,21880-118,Used/See Description,PD1213,"Yakima, WA",,,,"200 S 3rd St, Yakima, Washington, 98901-2830, USA",Government,Clean Title,
http://govdeals.com,/asset/1415/433,2685.8,2024-12-18T14:45:00Z,"New Orleans, Louisiana, USA","http://maps.google.com/maps?q=29.99699,+-90.03009+(3800 Alvar St)",Ford,Taurus,2015,"90,000.00 (Accurate?: Unknown)",1FAHP2MK9FG149292,433-1415,Used/See Description,APOL15041,,,,,"3800 Alvar St, , New Orleans, Louisiana, 70126-5504, USA",Government,Clean Title,
http://govdeals.com,/asset/1417/433,2253.2,2024-12-18T14:45:00Z,"New Orleans, Louisiana, USA","http://maps.google.com/maps?q=29.99699,+-90.03009+(3800 Alvar St)",Ford,Taurus,2014,"100,000.00 (Accurate?: Unknown)",1FAHP2MKXEG109270,433-1417,Used/See Description,APOL14010,,,,,"3800 Alvar St, , New Orleans, Louisiana, 70126-5504, USA",Government,Clean Title,
http://govdeals.com,/asset/225/21951,313.49,2024-12-18T14:45:00Z,"Winder, Georgia, USA","http://maps.google.com/maps?q=33.974816,+-83.654533+(1045 Atlanta Hwy SE)",Ford,Taurus,2014,"132,003.00 (Accurate?: Yes)",1FAHP2MT2EG111877,21951-225,Used/See Description,6857,,,,,"1045 Atlanta Hwy SE, Winder, Georgia, 30680-4458, USA",Government,,
http://govdeals.com,/asset/204/21951,250.0,2024-12-18T14:45:00Z,"Winder, Georgia, USA","http://maps.google.com/maps?q=33.974816,+-83.654533+(1045 Atlanta Hwy SE)",Ford,Taurus,2015,"98,542.00 (Accurate?: Yes)",1FAHP2MK7FG182033,21951-204,Used/See Description,7216,,,,,"1045 Atlanta Hwy SE, Winder, Georgia, 30680-4458, USA",Government,Yes: Salvage Title,
http://govdeals.com,/asset/240/12089,1875.0,2024-12-18T14:45:00Z,"Darien, Illinois, USA","http://maps.google.com/maps?q=41.74439,+-87.985954+(1710 Plainfield Rd)",Ford,Taurus,2016,"136,966.00 (Accurate?: Yes)",1FAHP2D96GG136966,12089-240,Used/See Description,,"Darien Police Department, IL",,,,"1710 Plainfield Rd, Darien, Illinois, 60561, USA",Government,,
http://govdeals.com,/asset/247/7510,100.0,2024-12-18T14:45:00Z,"Plainfield, New Jersey, USA","http://maps.google.com/maps?q=40.618854,+-74.418709+(200 E 4th St)",Ford,Taurus,2013,,1FAHP2M87DG188903,7510-247,Used/See Description,63,,,,,"200 E 4th St, Plainfield, New Jersey, 07060-1851, USA",Government,,
http://govdeals.com,/asset/246/7510,310.0,2024-12-18T14:45:00Z,"Plainfield, New Jersey, USA","http://maps.google.com/maps?q=40.618854,+-74.418709+(200 E 4th St)",Ford,Taurus,2013,"122,635.00 (Accurate?: Yes)",1FAHP2M83DG188901,7510-246,Used/See Description,61,,,,,"200 E 4th St, Plainfield, New Jersey, 07060-1851, USA",Government,,
http://govdeals.com,/asset/306/23691,10.0,2024-12-18T14:45:00Z,"Peach Bottom, Pennsylvania, USA","http://maps.google.com/maps?q=39.726859,+-76.154584+(2672 Robert Fulton Hwy)",Ford,Taurus X,2008,"168,372.00 (Accurate?: Yes)",1FMDK02W98GA13891,23691-306,Used/See Description,Lancaster tow away,,,,,"2672 Robert Fulton Hwy, Peach Bottom, Pennsylvania, 17563-9749, USA",Commercial,Clean Title,
http://govdeals.com,/asset/3/27944,6500.0,2024-12-18T14:45:00Z,"Vero Beach, Florida, USA","http://maps.google.com/maps?q=27.622068,+-80.388803+(1146 US Highway 1)",Ford,Taurus,2016,"113,179.00 (Accurate?: )",1FAHP2D98GG136967,27944-3,Used/See Description,,,,,,"1146 US Highway 1, Vero Beach, Florida, 32960-5769, USA",Commercial,,
http://govdeals.com,/asset/403/635,500.0,2024-12-18T14:45:00Z,"Waynesville, North Carolina, USA","http://maps.google.com/maps?q=35.471556,+-83.003814+(221 Hemlock St )",FORD,TAURUS POLICE INTERCEPTOR,2017,"252,789.00 (Accurate?: Yes)",1FAHP2MK8HG129960,635-403,Used/See Description,,,,,,"221 Hemlock St , Haywood County Garage, Waynesville, North Carolina, 28786-1950, USA",Government,Clean Title,
http://govdeals.com,/asset/402/635,500.0,2024-12-18T14:45:00Z,"Waynesville, North Carolina, USA","http://maps.google.com/maps?q=35.471556,+-83.003814+(221 Hemlock St )",FORD,TAURUS POLICE INTERCEPTOR,2016,"159,446.00 (Accurate?: Yes)",1FAHP2MK7GG144805,635-402,Used/See Description,,,,,,"221 Hemlock St , Haywood County Garage, Waynesville, North Carolina, 28786-1950, USA",Government,Clean Title,
http://govdeals.com,/asset/41/967,200.0,2024-12-18T14:45:00Z,"Isle Of Palms, South Carolina, USA","http://maps.google.com/maps?q=32.785857,+-79.789711+(30 J C Long Blvd)",Ford,Taurus,2016,"159,156.00 (Accurate?: )",1FAHP2MKXGG106596,967-41,Used/See Description,509,,,,,"30 J C Long Blvd, Isle Of Palms, South Carolina, 29451-2282, USA",Government,,
http://govdeals.com,/asset/37824/8445,1050.0,2024-12-18T14:45:00Z,"Tumwater, Washington, USA","http://maps.google.com/maps?q=46.980812,+-122.911591+(7511 New Market St SW)",Ford,Taurus,2016,"101,556.00 (Accurate?: Yes)",1FAHP2H89GG119774,8445-37824,Used/See Description,24-4414,"State of Washington Surplus Operations, WA",,,,"7511 New Market St SW, [Only by Appointment], Tumwater, Washington, 98501-5701, USA",Government,Clean Title,
http://govdeals.com,/asset/171/26468,400.0,2024-12-18T14:45:00Z,"Sacramento, California, USA","http://maps.google.com/maps?f=q&hl=en&q=Call for Address Sacramento ,+Sacramento,+CA+95823",Ford,Taurus,2008,"183,400.00 (Accurate?: Yes)",,26468-171,Used/See Description,,,,,,"Call for Address Sacramento , Sacramento, California, 95823, USA",Commercial,Clean Title,
