SITE_URL,ASSET_URI,CURRENT_BID,CLOSING_DATE_UTC,VIN/SERIAL,YEAR,MAKE/BRAND,MODEL,LOT#,MILES,KILOMETERS,LOCATION,CONDITION,INVENTORY_ID,ACCOUNT_TYPE,TITLE_RESTRICTION,MAP_URL,SELLER,ITEM_LOCATION,ASSET_CONTACT,PHONE,EMAIL
http://govdeals.com,/asset/8399/5859,3075.0,2024-12-18T14:45:00Z,3FA6P0G79DR263012,2013,Ford,Fusion,5859-8399,"128,651.00 (Accurate?: Yes)",,"Salem, Oregon, USA",Used/See Description,272725,Government,Clean Title,"http://maps.google.com/maps?q=44.971538,+-123.011183+(1655 Salem Industrial Dr NE)",State of Oregon,"1655 Salem Industrial Dr NE, Salem, Oregon, 97301-0375, USA",,,
http://govdeals.com,/asset/15311/10337,4549.0,2024-12-18T14:45:00Z,3FA6P0G72GR368351,2016,Ford,Fusion,10337-15311,"96,201.00 (Accurate?: Yes)",,"Columbus, Ohio, USA",Used/See Description,25V259277/C-18,Government,Clean Title,"http://maps.google.com/maps?q=39.95633,+-83.115778+(4200 Surface Rd)","State of Ohio, OH","4200 Surface Rd, Columbus, Ohio, 43228-1313, USA",,,
http://govdeals.com,/asset/304/23691,2040.0,2024-12-18T14:45:00Z,3FA6P0HD0FR286783,2015,Ford,Fusion,23691-304,"116,259.00 (Accurate?: Yes)",,"Peach Bottom, Pennsylvania, USA",Used/See Description,Lancaster tow away,Commercial,Clean Title,"http://maps.google.com/maps?q=39.726859,+-76.154584+(2672 Robert Fulton Hwy)",,"2672 Robert Fulton Hwy, Peach Bottom, Pennsylvania, 17563-9749, USA",,,
http://govdeals.com,/asset/8396/5859,2802.0,2024-12-18T14:45:00Z,3FAHP0HA3CR380814,2012,Ford,Fusion,5859-8396,"126,442.00 (Accurate?: Yes)",,"Salem, Oregon, USA",Used/See Description,272721,Government,Clean Title,"http://maps.google.com/maps?q=44.971538,+-123.011183+(1655 Salem Industrial Dr NE)",State of Oregon,"1655 Salem Industrial Dr NE, Salem, Oregon, 97301-0375, USA",,,
http://govdeals.com,/asset/565/10615,1725.0,2024-12-18T14:45:00Z,3FA6P0UUXER275682,2014,Ford,Fusion,10615-565,"158,599.00 (Accurate?: Yes)",,"Blue Island, Illinois, USA",Used/See Description,14202,Government,Clean Title,"http://maps.google.com/maps?q=41.667207,+-87.673016+(2067 W 123rd St)","Metra Commuter Railroad, IL","2067 W 123rd St, Blue Island, Illinois, 60406-1458, USA",,,
http://govdeals.com,/asset/133/2361,1076.0,2024-12-18T14:45:00Z,3FAHP07147R169791,2007,Ford,Fusion,2361-133,"87,070.00 (Accurate?: Yes)",,"Duluth, Georgia, USA",Used/See Description,C5821,Government,,"http://maps.google.com/maps?q=34.04765,+-84.131304+(10925 Rogers Cir)","Johns Creek, GA","10925 Rogers Cir, Duluth, Georgia, 30097-1930, USA",,,
http://govdeals.com,/asset/540/26960,1525.0,2024-12-18T14:45:00Z,3FA6P0H76GR287819,2016,Ford,Fusion,26960-540,"74,576.00 (Accurate?: Yes)",,"Jacksonville, Florida, USA",Used/See Description,,Commercial,Clean Title,"http://maps.google.com/maps?q=30.2967,+-81.610595+(5321 Fairmont St)",,"5321 Fairmont St, Jacksonville, Florida, 32207-5027, USA",,,
http://govdeals.com,/asset/71/27091,300.0,2024-12-18T14:45:00Z,3FAHP08Z39R174763,2009,Ford,Fusion,27091-71,"204,301.00 (Accurate?: Yes)",,"Clinton, Maryland, USA",Used/See Description,4894,Commercial,Clean Title,"http://maps.google.com/maps?q=38.781579,+-76.894572+(7827 Branch Ave)",,"7827 Branch Ave, Clinton, Maryland, 20735-1624, USA",,,
http://govdeals.com,/asset/15355/10337,825.0,2024-12-18T14:45:00Z,3FAHP0HG5BR287537,2011,Ford,Fusion,10337-15355,"165,677.00 (Accurate?: Yes)",,"Columbus, Ohio, USA",Used/See Description,25V257116/C-06,Government,Clean Title,"http://maps.google.com/maps?q=39.95633,+-83.115778+(4200 Surface Rd)","State of Ohio, OH","4200 Surface Rd, Columbus, Ohio, 43228-1313, USA",,,
http://govdeals.com,/asset/15356/10337,825.0,2024-12-18T14:45:00Z,3FAHP0HG8BR287547,2011,Ford,Fusion,10337-15356,"158,952.00 (Accurate?: Yes)",,"Columbus, Ohio, USA",Used/See Description,25V257180/C-07,Government,Clean Title,"http://maps.google.com/maps?q=39.95633,+-83.115778+(4200 Surface Rd)","State of Ohio, OH","4200 Surface Rd, Columbus, Ohio, 43228-1313, USA",,,
http://govdeals.com,/asset/336/24037,600.0,2024-12-18T14:45:00Z,3FA6P0HD5HR189260,2017,Ford,Fusion,24037-336,"51,101.00 (Accurate?: Unknown)",,"Jacksonville, Florida, USA",Used/See Description,296,Commercial,Clean Title,"http://maps.google.com/maps?q=30.325463,+-81.536787+(120 Lee Rd)",,"120 Lee Rd, Jacksonville, Florida, 32225-6515, USA",,,
http://govdeals.com,/asset/53/27091,500.0,2024-12-18T14:45:00Z,3FAHP07147R186932,2007,Ford,Fusion,27091-53,"155,875.00 (Accurate?: Yes)",,"Clinton, Maryland, USA",Used/See Description,4852,Commercial,Clean Title,"http://maps.google.com/maps?q=38.781579,+-76.894572+(7827 Branch Ave)",,"7827 Branch Ave, Clinton, Maryland, 20735-1624, USA",,,
http://govdeals.com,/asset/1921/6719,2550.0,2024-12-18T14:45:00Z,3FADP0L35AR179663,2010,Ford,Fusion Hybrid,6719-1921,,"73,439.00 (Accurate?: Yes)","Fort McMurray, Alberta, CAN",Used/See Description,02-194,Government,,"http://maps.google.com/maps?q=56.657749,+-111.336286+(140 Saprae Creek Trail)","Wood Buffalo Regional Municipality, AB","140 Saprae Creek Trail, , Fort McMurray, Alberta, T9H 4P1, CAN",,,
http://govdeals.com,/asset/15352/10337,3750.0,2024-12-18T14:45:00Z,3FA6P0G74HR330511,2017,Ford,Fusion,10337-15352,"89,706.00 (Accurate?: Yes)",,"Columbus, Ohio, USA",Used/See Description,25V260382/A-11,Government,Clean Title,"http://maps.google.com/maps?q=39.95633,+-83.115778+(4200 Surface Rd)","State of Ohio, OH","4200 Surface Rd, Columbus, Ohio, 43228-1313, USA",,,
http://govdeals.com,/asset/43/27415,100.0,2024-12-18T14:45:00Z,3FAHP02178R102014,2008,Ford,Fusion,27415-43,"213,590.00 (Accurate?: Yes)",,"Louisville, Kentucky, USA",Used/See Description,8427,Commercial,Yes: Other (See Description),"http://maps.google.com/maps?q=38.187191,+-85.694634+(3904 Bishop Ln)",,"3904 Bishop Ln, Louisville, Kentucky, 40218-2943, USA",,,
http://govdeals.com,/asset/8413/5859,525.0,2024-12-18T14:45:00Z,3FAHP0HA4BR287590,2011,Ford,Fusion,5859-8413,"132,893.00 (Accurate?: Yes)",,"Salem, Oregon, USA",Used/See Description,272707,Government,Clean Title,"http://maps.google.com/maps?q=44.971538,+-123.011183+(1655 Salem Industrial Dr NE)",State of Oregon,"1655 Salem Industrial Dr NE, Salem, Oregon, 97301-0375, USA",,,
http://govdeals.com,/asset/59/27415,100.0,2024-12-18T14:45:00Z,3FAHP07109R111664,2009,Ford,Fusion,27415-59,"171,156.00 (Accurate?: )",,"Louisville, Kentucky, USA",Used/See Description,9948,Commercial,Yes: Other (See Description),"http://maps.google.com/maps?q=38.187191,+-85.694634+(3904 Bishop Ln)",,"3904 Bishop Ln, Louisville, Kentucky, 40218-2943, USA",,,
http://govdeals.com,/asset/63/27415,100.0,2024-12-18T14:45:00Z,3FAHP08Z48R225315,2008,Ford,Fusion,27415-63,"318,104.00 (Accurate?: Yes)",,"Louisville, Kentucky, USA",Used/See Description,10088,Commercial,Yes: Other (See Description),"http://maps.google.com/maps?q=38.187191,+-85.694634+(3904 Bishop Ln)",,"3904 Bishop Ln, Louisville, Kentucky, 40218-2943, USA",,,
http://govdeals.com,/asset/8424/5859,360.0,2024-12-18T14:45:00Z,3FAHP0HG9AR247329,2010,Ford,Fusion,5859-8424,"124,696.00 (Accurate?: Yes)",,"Salem, Oregon, USA",Used/See Description,272673,Government,Clean Title,"http://maps.google.com/maps?q=44.971538,+-123.011183+(1655 Salem Industrial Dr NE)",State of Oregon,"1655 Salem Industrial Dr NE, Salem, Oregon, 97301-0375, USA",,,
http://govdeals.com,/asset/84/27404,2100.0,2024-12-18T14:45:00Z,3FA6P0T96HR325995,2017,Ford,Fusion,27404-84,"81,719.00 (Accurate?: )",,"Lakewood, New Jersey, USA",Used/See Description,25995,Commercial,,"http://maps.google.com/maps?q=40.081573,+-74.156886+(1484 Ocean Ave)",,"1484 Ocean Ave, Lakewood, New Jersey, 08701-4511, USA",,,
http://govdeals.com,/asset/8420/5859,220.0,2024-12-18T14:45:00Z,3FAHP0HG7AR242615,2010,Ford,Fusion,5859-8420,"109,214.00 (Accurate?: Yes)",,"Salem, Oregon, USA",Used/See Description,272666,Government,Clean Title,"http://maps.google.com/maps?q=44.971538,+-123.011183+(1655 Salem Industrial Dr NE)",State of Oregon,"1655 Salem Industrial Dr NE, Salem, Oregon, 97301-0375, USA",,,
http://govdeals.com,/asset/13844/12157,1500.0,2024-12-18T14:45:00Z,3FA6P0G71JR133124,2018,Ford,Fusion,12157-13844,"96,160.00 (Accurate?: Yes)",,"Lincoln, Nebraska, USA",Used/See Description,6510240003,Government,,"http://maps.google.com/maps?q=40.762851,+-96.701752+(5001 S 14th St)",State of Nebraska,"5001 S 14th St, Lincoln, Nebraska, 68512-1248, USA",,,
http://govdeals.com,/asset/8435/5859,801.0,2024-12-18T14:45:00Z,3FAHP0HA0BR287604,2011,Ford,Fusion,5859-8435,"129,160.00 (Accurate?: Yes)",,"Salem, Oregon, USA",Used/See Description,272690,Government,Clean Title,"http://maps.google.com/maps?q=44.971538,+-123.011183+(1655 Salem Industrial Dr NE)",State of Oregon,"1655 Salem Industrial Dr NE, Salem, Oregon, 97301-0375, USA",,,
http://govdeals.com,/asset/978/5947,500.0,2024-12-18T14:45:00Z,3FADP0L3XBR129259,2011,Ford,Fusion Hybrid,5947-978,"124,291.00 (Accurate?: Yes)",,"Visalia, California, USA",Used/See Description,18,Government,Clean Title,"http://maps.google.com/maps?q=36.255442,+-119.260642+(14097 Avenue 256)","Tulare County, CA","14097 Avenue 256, Visalia, California, 93292-9402, USA",,,
http://govdeals.com,/asset/8433/5859,210.0,2024-12-18T14:45:00Z,3FAHP0HG2AR259502,2010,Ford,Fusion,5859-8433,"132,046.00 (Accurate?: Yes)",,"Salem, Oregon, USA",Used/See Description,272675,Government,Clean Title,"http://maps.google.com/maps?q=44.971538,+-123.011183+(1655 Salem Industrial Dr NE)",State of Oregon,"1655 Salem Industrial Dr NE, Salem, Oregon, 97301-0375, USA",,,
http://govdeals.com,/asset/8436/5859,230.0,2024-12-18T14:45:00Z,3FAHP0HA3CR380795,2012,Ford,Fusion,5859-8436,"128,063.00 (Accurate?: Yes)",,"Salem, Oregon, USA",Used/See Description,272719,Government,Clean Title,"http://maps.google.com/maps?q=44.971538,+-123.011183+(1655 Salem Industrial Dr NE)",State of Oregon,"1655 Salem Industrial Dr NE, Salem, Oregon, 97301-0375, USA",,,
http://govdeals.com,/asset/8432/5859,1025.0,2024-12-18T14:45:00Z,3FAHP0HG8AR247340,2010,Ford,Fusion,5859-8432,"138,637.00 (Accurate?: Yes)",,"Salem, Oregon, USA",Used/See Description,272670,Government,Clean Title,"http://maps.google.com/maps?q=44.971538,+-123.011183+(1655 Salem Industrial Dr NE)",State of Oregon,"1655 Salem Industrial Dr NE, Salem, Oregon, 97301-0375, USA",,,
http://govdeals.com,/asset/8431/5859,240.0,2024-12-18T14:45:00Z,3FAHP0HA5CR271030,2012,Ford,Fusion,5859-8431,"129,710.00 (Accurate?: Yes)",,"Salem, Oregon, USA",Used/See Description,272718,Government,Clean Title,"http://maps.google.com/maps?q=44.971538,+-123.011183+(1655 Salem Industrial Dr NE)",State of Oregon,"1655 Salem Industrial Dr NE, Salem, Oregon, 97301-0375, USA",,,
http://govdeals.com,/asset/8440/5859,200.0,2024-12-18T14:45:00Z,3FAHP0HGXAR259537,2010,Ford,Fusion,5859-8440,"142,982.00 (Accurate?: Yes)",,"Salem, Oregon, USA",Used/See Description,272674,Government,Clean Title,"http://maps.google.com/maps?q=44.971538,+-123.011183+(1655 Salem Industrial Dr NE)",State of Oregon,"1655 Salem Industrial Dr NE, Salem, Oregon, 97301-0375, USA",,,
http://govdeals.com,/asset/1553/26446,250.0,2024-12-18T14:45:00Z,3FA6P0G77HR164386,2017,Ford,Fusion,26446-1553,"98,390.00 (Accurate?: Unknown)",,"Staten Island, New York, USA",Used/See Description,171009,Government,,"http://maps.google.com/maps?q=40.60311508178711,+-74.14141845703125+(930 Willowbrook Rd)",,"930 Willowbrook Rd, , Staten Island, New York, 10314, USA",,,
http://govdeals.com,/asset/8335/5859,223.0,2024-12-18T14:45:00Z,3FA6P0G71DR205380,2013,Ford,Fusion,5859-8335,"174,658.00 (Accurate?: Yes)",,"Salem, Oregon, USA",Used/See Description,271990,Government,Clean Title,"http://maps.google.com/maps?q=44.971538,+-123.011183+(1655 Salem Industrial Dr NE)",State of Oregon,"1655 Salem Industrial Dr NE, Salem, Oregon, 97301-0375, USA",,,
http://govdeals.com,/asset/14118/6250,120.0,2024-12-18T14:45:00Z,3FADP0L39AR170447,2010,Ford,Fusion Hybrid,6250-14118,"195,522.00 (Accurate?: Yes)",,"Saint Paul, Minnesota, USA",Used/See Description,0914951,Government,Clean Title,"http://maps.google.com/maps?q=44.937659,+-93.0795+(314 Eva St)",,"314 Eva St, Saint Paul, Minnesota, 55107-1695, USA",Luis Guzman Robles,+16512245030,Luis.A.Guzmanrobles@usps.gov
http://govdeals.com,/asset/4678/410,510.0,2024-12-18T14:45:00Z,3FA6P0H96DR349068,2013,Ford,Fusion,410-4678,"146,290.00 (Accurate?: Unknown)",,"Middletown, Ohio, USA",Used/See Description,25-220-02,Government,Clean Title,"http://maps.google.com/maps?q=39.516506,+-84.403264+(One Donham Plaza)",,"One Donham Plaza, Middletown, Ohio, 45042-1901, USA",,,
http://govdeals.com,/asset/8447/5859,510.0,2024-12-18T14:45:00Z,3FA6P0G72DR280105,2013,Ford,Fusion,5859-8447,"129,187.00 (Accurate?: Yes)",,"Salem, Oregon, USA",Used/See Description,272726,Government,Clean Title,"http://maps.google.com/maps?q=44.971538,+-123.011183+(1655 Salem Industrial Dr NE)",State of Oregon,"1655 Salem Industrial Dr NE, Salem, Oregon, 97301-0375, USA",,,
http://govdeals.com,/asset/8444/5859,210.0,2024-12-18T14:45:00Z,3FA6P0G79DR205384,2013,Ford,Fusion,5859-8444,"143,763.00 (Accurate?: Yes)",,"Salem, Oregon, USA",Used/See Description,272724,Government,Clean Title,"http://maps.google.com/maps?q=44.971538,+-123.011183+(1655 Salem Industrial Dr NE)",State of Oregon,"1655 Salem Industrial Dr NE, Salem, Oregon, 97301-0375, USA",,,
http://govdeals.com,/asset/2643/12168,1025.0,2024-12-18T14:45:00Z,3FA6P0G79DR364714,2013,Ford,Fusion,12168-2643,"163,912.00 (Accurate?: Yes)",,"Indianapolis, Indiana, USA",Used/See Description,4800 ISP,Government,Clean Title,"http://maps.google.com/maps?q=39.756097,+-86.169778+(601 W McCarty St)","State of Indiana Fleet Services, IN","601 W McCarty St, Suite 125, Indianapolis, Indiana, 46225-1214, USA",,,
http://govdeals.com,/asset/8451/5859,1500.0,2024-12-18T14:45:00Z,3FA6P0G7XDR280109,2013,Ford,Fusion,5859-8451,"136,884.00 (Accurate?: Yes)",,"Salem, Oregon, USA",Used/See Description,272727,Government,Clean Title,"http://maps.google.com/maps?q=44.971538,+-123.011183+(1655 Salem Industrial Dr NE)",State of Oregon,"1655 Salem Industrial Dr NE, Salem, Oregon, 97301-0375, USA",,,
http://govdeals.com,/asset/15441/10337,1725.0,2024-12-18T14:45:00Z,3FA6P0G71HR202016,2017,Ford,Fusion,10337-15441,"133,357.00 (Accurate?: Yes)",,"Columbus, Ohio, USA",Used/See Description,25V260677/D-07,Government,Clean Title,"http://maps.google.com/maps?q=39.95633,+-83.115778+(4200 Surface Rd)","State of Ohio, OH","4200 Surface Rd, Columbus, Ohio, 43228-1313, USA",,,
http://govdeals.com,/asset/115/7923,224.14,2024-12-18T14:45:00Z,3FAHP08148R239998,2008,Ford,Fusion,7923-115,"207,910.00 (Accurate?: Yes)",,"Oilville, Virginia, USA",Used/See Description,CAR 147,Government,,"http://maps.google.com/maps?q=37.69776,+-77.76378+(1980 Triple T Rd)","Goochland County Public Schools, VA","1980 Triple T Rd, Gcps Transportation Shop, Oilville, Virginia, 23129-2206, USA",,,
http://govdeals.com,/asset/1081/554,2500.0,2024-12-18T14:45:00Z,3FA6P0G77DR298485,2013,Ford,Fusion,554-1081,"216,231.00 (Accurate?: Yes)",,"Rutherfordton, North Carolina, USA",Used/See Description,700,Government,Clean Title,"http://maps.google.com/maps?q=35.35639953613281,+-81.97969818115234+(See Description)",,"See Description, , Rutherfordton, North Carolina, 28139, USA",Janet Lovelace,+18282884501,janet.lovelace@rutherfordcountync.gov
http://govdeals.com,/asset/2748/624,3500.0,2024-12-18T14:45:00Z,3FA6P0G74HR224253,2017,Ford,Fusion,624-2748,"65,688.00 (Accurate?: Yes)",,"Savannah, Georgia, USA",Used/See Description,7433,Government,,"http://maps.google.com/maps?q=32.002309,+-81.090573+(6900 Sallie Mood Dr)","Savannah, GA","6900 Sallie Mood Dr, Savannah, Georgia, 31406-3919, USA",,,
http://govdeals.com,/asset/38034/8445,1525.0,2024-12-18T14:45:00Z,3FA6P0UU0FR145993,2015,Ford,Fusion Hybrid,8445-38034,"103,673.00 (Accurate?: Yes)",,"Tumwater, Washington, USA",Used/See Description,24-4459,Government,Clean Title,"http://maps.google.com/maps?q=46.980812,+-122.911591+(7511 New Market St SW)","State of Washington Surplus Operations, WA","7511 New Market St SW, [Only by Appointment], Tumwater, Washington, 98501-5701, USA",,,
http://govdeals.com,/asset/8472/5859,250.0,2024-12-18T14:45:00Z,3FAHP0HA3BR287614,2011,Ford,Fusion,5859-8472,"126,095.00 (Accurate?: Yes)",,"Salem, Oregon, USA",Used/See Description,272688,Government,Clean Title,"http://maps.google.com/maps?q=44.971538,+-123.011183+(1655 Salem Industrial Dr NE)",State of Oregon,"1655 Salem Industrial Dr NE, Salem, Oregon, 97301-0375, USA",,,
http://govdeals.com,/asset/8481/5859,500.0,2024-12-18T14:45:00Z,3FAHP01158R256562,2008,Ford,Fusion,5859-8481,"100,112.00 (Accurate?: Yes)",,"Salem, Oregon, USA",Used/See Description,272658,Government,Clean Title,"http://maps.google.com/maps?q=44.971538,+-123.011183+(1655 Salem Industrial Dr NE)",State of Oregon,"1655 Salem Industrial Dr NE, Salem, Oregon, 97301-0375, USA",,,
http://govdeals.com,/asset/8468/5859,310.0,2024-12-18T14:45:00Z,3FAHP0HG2AR247320,2010,Ford,Fusion,5859-8468,"134,975.00 (Accurate?: Yes)",,"Salem, Oregon, USA",Used/See Description,272678,Government,Clean Title,"http://maps.google.com/maps?q=44.971538,+-123.011183+(1655 Salem Industrial Dr NE)",State of Oregon,"1655 Salem Industrial Dr NE, Salem, Oregon, 97301-0375, USA",,,
http://govdeals.com,/asset/590/26960,1075.0,2024-12-18T14:45:00Z,3FA6P0G73FR149347,2015,Ford,Fusion,26960-590,"136,989.00 (Accurate?: Yes)",,"Jacksonville, Florida, USA",Used/See Description,,Commercial,Clean Title,"http://maps.google.com/maps?q=30.2967,+-81.610595+(5321 Fairmont St)",,"5321 Fairmont St, Jacksonville, Florida, 32207-5027, USA",,,
http://govdeals.com,/asset/4278/1425,1725.0,2024-12-18T14:45:00Z,3FA6P0G79ER104119,2014,Ford,Fusion,1425-4278,"90,871.00 (Accurate?: )",,"Alexandria, Virginia, USA",Used/See Description,1328,Government,Clean Title,"http://maps.google.com/maps?q=38.80733,+-77.053465+(3128 Business Center Drive)",,"3128 Business Center Drive, , Alexandria, Virginia, 22314, USA",Zubair Samiz,+17037464304,zubair.samiz@alexandriava.gov
http://govdeals.com,/asset/138/24442,3025.0,2024-12-18T14:45:00Z,3FA6P0G76DR221591,2013,Ford,Fusion,24442-138,"41,983.00 (Accurate?: Yes)",,"San Luis Obispo, California, USA",Used/See Description,2058,Government,Clean Title,"http://maps.google.com/maps?q=35.321482,+-120.723706+(1355A Kansas Ave)","San Luis Obispo County, CA","1355A Kansas Ave, San Luis Obispo, California, 93405-7610, USA",,,
http://govdeals.com,/asset/2638/12168,2025.0,2024-12-18T14:45:00Z,3FA6P0G74ER293729,2014,Ford,Fusion,12168-2638,"185,791.00 (Accurate?: Yes)",,"Indianapolis, Indiana, USA",Used/See Description,1723 IDOA,Government,Clean Title,"http://maps.google.com/maps?q=39.756097,+-86.169778+(601 W McCarty St)","State of Indiana Fleet Services, IN","601 W McCarty St, Suite 125, Indianapolis, Indiana, 46225-1214, USA",,,
http://govdeals.com,/asset/2747/624,2500.0,2024-12-18T14:45:00Z,1FA6P0H79E5391091,2014,Ford,Fusion,624-2747,"86,943.00 (Accurate?: Yes)",,"Savannah, Georgia, USA",Used/See Description,4932,Government,,"http://maps.google.com/maps?q=32.002309,+-81.090573+(6900 Sallie Mood Dr)","Savannah, GA","6900 Sallie Mood Dr, Savannah, Georgia, 31406-3919, USA",,,
http://govdeals.com,/asset/15100/7167,850.0,2024-12-18T14:45:00Z,3FA6P0G73JR156324,2018,Ford,Fusion,7167-15100,"81,627.00 (Accurate?: Yes)",,"Doral, Florida, USA",Used/See Description,5528A,Government,,"http://maps.google.com/maps?q=25.826218,+-80.340668+(8801 NW 58th St)","Miami-Dade County, FL","8801 NW 58th St, Entrance Is on 87th Avenue, Doral, Florida, 33178-1603, USA",,,
http://govdeals.com,/asset/8475/5859,210.0,2024-12-18T14:45:00Z,3FAHP0HA1CR271025,2012,Ford,Fusion,5859-8475,"130,922.00 (Accurate?: Yes)",,"Salem, Oregon, USA",Used/See Description,272709,Government,Clean Title,"http://maps.google.com/maps?q=44.971538,+-123.011183+(1655 Salem Industrial Dr NE)",State of Oregon,"1655 Salem Industrial Dr NE, Salem, Oregon, 97301-0375, USA",,,
http://govdeals.com,/asset/15221/10337,100.0,2024-12-18T14:45:00Z,3FA6P0G70JR117996,2018,Ford,Fusion,10337-15221,"37,934.00 (Accurate?: Yes)",,"Columbus, Ohio, USA",Used/See Description,25V258405/D-28,Government,Yes: Salvage Title,"http://maps.google.com/maps?q=39.95633,+-83.115778+(4200 Surface Rd)","State of Ohio, OH","4200 Surface Rd, Columbus, Ohio, 43228-1313, USA",,,
http://govdeals.com,/asset/992/5947,500.0,2024-12-18T14:45:00Z,3FA6P0LU5DR311925,2013,Ford,Fusion Hybrid,5947-992,"106,900.00 (Accurate?: Yes)",,"Visalia, California, USA",Used/See Description,8072,Government,Clean Title,"http://maps.google.com/maps?q=36.255442,+-119.260642+(14097 Avenue 256)","Tulare County, CA","14097 Avenue 256, Visalia, California, 93292-9402, USA",,,
http://govdeals.com,/asset/985/5947,775.0,2024-12-18T14:45:00Z,3FADP0L36BR129257,2011,Ford,Fusion Hybrid,5947-985,"105,286.00 (Accurate?: Yes)",,"Visalia, California, USA",Used/See Description,4,Government,Clean Title,"http://maps.google.com/maps?q=36.255442,+-119.260642+(14097 Avenue 256)","Tulare County, CA","14097 Avenue 256, Visalia, California, 93292-9402, USA",,,
http://govdeals.com,/asset/8486/5859,236.0,2024-12-18T14:45:00Z,3FAHP0HG0AR242620,2010,Ford,Fusion,5859-8486,"79,257.00 (Accurate?: Yes)",,"Salem, Oregon, USA",Used/See Description,273204,Government,Clean Title,"http://maps.google.com/maps?q=44.971538,+-123.011183+(1655 Salem Industrial Dr NE)",State of Oregon,"1655 Salem Industrial Dr NE, Salem, Oregon, 97301-0375, USA",,,
http://govdeals.com,/asset/880/5534,710.0,2024-12-18T14:45:00Z,3FA6P0G79JR133095,2018,Ford,Fusion,5534-880,"69,427.00 (Accurate?: Yes)",,"Lincoln, Nebraska, USA",Used/See Description,,Government,Clean Title,"http://maps.google.com/maps?q=40.816837,+-96.69926+(1931 N Antelope Valley Parkway)","University of Nebraska - Lincoln, NE","1931 N Antelope Valley Parkway, Lincoln, Nebraska, 68588, USA",,,
http://govdeals.com,/asset/8489/5859,200.0,2024-12-18T14:45:00Z,3FAHP0HA8BR287611,2011,Ford,Fusion,5859-8489,"133,191.00 (Accurate?: Yes)",,"Salem, Oregon, USA",Used/See Description,273298,Government,Clean Title,"http://maps.google.com/maps?q=44.971538,+-123.011183+(1655 Salem Industrial Dr NE)",State of Oregon,"1655 Salem Industrial Dr NE, Salem, Oregon, 97301-0375, USA",,,
http://govdeals.com,/asset/8487/5859,200.0,2024-12-18T14:45:00Z,3FAHP0HA7CR380802,2012,Ford,Fusion,5859-8487,"82,722.00 (Accurate?: Yes)",,"Salem, Oregon, USA",Used/See Description,273249,Government,Clean Title,"http://maps.google.com/maps?q=44.971538,+-123.011183+(1655 Salem Industrial Dr NE)",State of Oregon,"1655 Salem Industrial Dr NE, Salem, Oregon, 97301-0375, USA",,,
http://govdeals.com,/asset/8492/5859,825.0,2024-12-18T14:45:00Z,3FA6P0G75GR199376,2016,Ford,Fusion,5859-8492,"131,798.00 (Accurate?: Yes)",,"Salem, Oregon, USA",Used/See Description,273293,Government,Clean Title,"http://maps.google.com/maps?q=44.971538,+-123.011183+(1655 Salem Industrial Dr NE)",State of Oregon,"1655 Salem Industrial Dr NE, Salem, Oregon, 97301-0375, USA",,,
http://govdeals.com,/asset/38110/8445,2525.0,2024-12-18T14:45:00Z,3FA6P0UU9HR144294,2017,Ford,Fusion Hybrid,8445-38110,"62,662.00 (Accurate?: Yes)",,"Tumwater, Washington, USA",Used/See Description,24-4418,Government,Clean Title,"http://maps.google.com/maps?q=46.980812,+-122.911591+(7511 New Market St SW)","State of Washington Surplus Operations, WA","7511 New Market St SW, [Only by Appointment], Tumwater, Washington, 98501-5701, USA",,,
http://govdeals.com,/asset/1591/26446,500.0,2024-12-18T14:45:00Z,3FAHP0HG9BR337839,2011,Ford,Fusion,26446-1591,"143,990.00 (Accurate?: Unknown)",,"Niagara Falls, New York, USA",Used/See Description,111306,Government,,"http://maps.google.com/maps?q=43.081626892089844,+-79.03974914550781+(1905 Buffalo Ave)",,"1905 Buffalo Ave, , Niagara Falls, New York, 14303, USA",,,
http://govdeals.com,/asset/22851/2,1502.0,2024-12-18T14:45:00Z,3FA6P0UU5JR139499,2018,Ford,Fusion Hybrid,2-22851,"62,189.00 (Accurate?: )",,"Nashville, Tennessee, USA",Used/See Description,5002AH,Government,,"http://maps.google.com/maps?q=36.111561,+-86.691467+(1417 Murfreesboro Pike)","Metropolitan Government of Nashville and Davidson County, TN","1417 Murfreesboro Pike, Nashville, Tennessee, 37217-3600, USA",,,
http://govdeals.com,/asset/15560/10337,160.0,2024-12-18T14:45:00Z,3FA6P0G76JR234739,2018,Ford,Fusion,10337-15560,"134,580.00 (Accurate?: Yes)",,"Columbus, Ohio, USA",Used/See Description,25V260752/F-26,Government,Clean Title,"http://maps.google.com/maps?q=39.95633,+-83.115778+(4200 Surface Rd)","State of Ohio, OH","4200 Surface Rd, Columbus, Ohio, 43228-1313, USA",,,
http://govdeals.com,/asset/1570/10000,100.0,2024-12-18T14:45:00Z,3FA6P0LUXHR259875,2017,Ford,Fusion Hybrid,10000-1570,"83,867.00 (Accurate?: Yes)",,"Boston, Massachusetts, USA",Used/See Description,BPD7308A,Government,Clean Title,"http://maps.google.com/maps?q=42.34112,+-71.061368+(400 Frontage Rd)","Boston, MA","400 Frontage Rd, Boston, Massachusetts, 02118-2810, USA",,,
http://govdeals.com,/asset/987/5947,100.0,2024-12-18T14:45:00Z,3FA6P0H77ER318864,2014,Ford,Fusion,5947-987,"119,094.00 (Accurate?: Yes)",,"Visalia, California, USA",Used/See Description,22,Government,Clean Title,"http://maps.google.com/maps?q=36.255442,+-119.260642+(14097 Avenue 256)","Tulare County, CA","14097 Avenue 256, Visalia, California, 93292-9402, USA",,,
http://govdeals.com,/asset/8500/5859,260.0,2024-12-18T14:45:00Z,1FA6P0G72E5377888,2014,Ford,Fusion,5859-8500,"106,980.00 (Accurate?: Yes)",,"Salem, Oregon, USA",Used/See Description,273264,Government,Clean Title,"http://maps.google.com/maps?q=44.971538,+-123.011183+(1655 Salem Industrial Dr NE)",State of Oregon,"1655 Salem Industrial Dr NE, Salem, Oregon, 97301-0375, USA",,,
http://govdeals.com,/asset/15552/10337,2525.0,2024-12-18T14:45:00Z,3FA6P0G71JR234731,2018,Ford,Fusion,10337-15552,"103,336.00 (Accurate?: Yes)",,"Columbus, Ohio, USA",Used/See Description,25V260751/B-24,Government,Clean Title,"http://maps.google.com/maps?q=39.95633,+-83.115778+(4200 Surface Rd)","State of Ohio, OH","4200 Surface Rd, Columbus, Ohio, 43228-1313, USA",,,
http://govdeals.com,/asset/15556/10337,210.0,2024-12-18T14:45:00Z,3FA6P0G76JR253985,2018,Ford,Fusion,10337-15556,"117,164.00 (Accurate?: Yes)",,"Columbus, Ohio, USA",Used/See Description,25V260754/D-12,Government,Clean Title,"http://maps.google.com/maps?q=39.95633,+-83.115778+(4200 Surface Rd)","State of Ohio, OH","4200 Surface Rd, Columbus, Ohio, 43228-1313, USA",,,
http://govdeals.com,/asset/242/6009,4000.0,2024-12-18T14:45:00Z,3FA6P0G74DR340255,2013,Ford,Fusion,6009-242,"169,540.00 (Accurate?: Yes)",,"Cincinnati, Ohio, USA",Used/See Description,Old Police #2,Government,,"http://maps.google.com/maps?q=39.024623,+-84.278163+(950 Locust Corner Rd)",,"950 Locust Corner Rd, Cincinnati, Ohio, 45245-3044, USA",,,
http://govdeals.com,/asset/1565/10000,100.0,2024-12-18T14:45:00Z,3FADP0L32AR140934,2010,Ford,Fusion Hybrid,10000-1565,"83,846.00 (Accurate?: Yes)",,"Boston, Massachusetts, USA",Used/See Description,BPD0352,Government,Clean Title,"http://maps.google.com/maps?q=42.34112,+-71.061368+(400 Frontage Rd)","Boston, MA","400 Frontage Rd, Boston, Massachusetts, 02118-2810, USA",,,
http://govdeals.com,/asset/15557/10337,1000.0,2024-12-18T14:45:00Z,3FA6P0H73KR271926,2019,Ford,Fusion,10337-15557,"122,614.00 (Accurate?: Yes)",,"Columbus, Ohio, USA",Used/See Description,25V260755/D-13,Government,Clean Title,"http://maps.google.com/maps?q=39.95633,+-83.115778+(4200 Surface Rd)","State of Ohio, OH","4200 Surface Rd, Columbus, Ohio, 43228-1313, USA",,,
http://govdeals.com,/asset/8509/5859,200.0,2024-12-18T14:45:00Z,3FA6P0G79ER359613,2014,Ford,Fusion,5859-8509,"131,013.00 (Accurate?: Yes)",,"Salem, Oregon, USA",Used/See Description,273268,Government,Clean Title,"http://maps.google.com/maps?q=44.971538,+-123.011183+(1655 Salem Industrial Dr NE)",State of Oregon,"1655 Salem Industrial Dr NE, Salem, Oregon, 97301-0375, USA",,,
http://govdeals.com,/asset/4/27064,500.0,2024-12-18T14:45:00Z,3FADP0L39BR157277,2011,Ford,Fusion Hybrid,27064-4,"119,366.00 (Accurate?: Yes)",,"Ithaca, New York, USA",Used/See Description,1119,Government,Clean Title,"http://maps.google.com/maps?q=42.451998,+-76.504223+(737 Willow Ave)","Tompkins Consolidated Area Transit, NY","737 Willow Ave, Ithaca, New York, 14850-3214, USA",,,
http://govdeals.com,/asset/26/24994,100.0,2024-12-18T14:45:00Z,3FAHP0JG4AR254635,2010,Ford,Fusion,24994-26,"238,477.00 (Accurate?: Yes)",,"Simpsonville, Kentucky, USA",Used/See Description,,Government,Clean Title,"http://maps.google.com/maps?q=38.220848083496094,+-85.35314178466797+(104 Old Veechdale Rd)","Simpsonville Police Department, KY","104 Old Veechdale Rd, Simpsonville, Kentucky, 40067, USA",,,
http://govdeals.com,/asset/986/5947,500.0,2024-12-18T14:45:00Z,3FADP0L32BR129255,2011,Ford,Fusion Hybrid,5947-986,"168,517.00 (Accurate?: Yes)",,"Visalia, California, USA",Used/See Description,009,Government,Clean Title,"http://maps.google.com/maps?q=36.255442,+-119.260642+(14097 Avenue 256)","Tulare County, CA","14097 Avenue 256, Visalia, California, 93292-9402, USA",,,
http://govdeals.com,/asset/1000/5947,500.0,2024-12-18T14:45:00Z,3FA6P0H70ER318866,2014,Ford,Fusion,5947-1000,"92,322.00 (Accurate?: Yes)",,"Visalia, California, USA",Used/See Description,79,Government,Clean Title,"http://maps.google.com/maps?q=36.255442,+-119.260642+(14097 Avenue 256)","Tulare County, CA","14097 Avenue 256, Visalia, California, 93292-9402, USA",,,
http://govdeals.com,/asset/1001/5947,500.0,2024-12-18T14:45:00Z,3FA6P0H72ER318867,2014,Ford,Fusion,5947-1001,"121,181.00 (Accurate?: Yes)",,"Visalia, California, USA",Used/See Description,80,Government,Clean Title,"http://maps.google.com/maps?q=36.255442,+-119.260642+(14097 Avenue 256)","Tulare County, CA","14097 Avenue 256, Visalia, California, 93292-9402, USA",,,
http://govdeals.com,/asset/8513/5859,635.0,2024-12-18T14:45:00Z,3FA6P0G76FR235994,2015,Ford,Fusion,5859-8513,"135,434.00 (Accurate?: Yes)",,"Salem, Oregon, USA",Used/See Description,273271,Government,Clean Title,"http://maps.google.com/maps?q=44.971538,+-123.011183+(1655 Salem Industrial Dr NE)",State of Oregon,"1655 Salem Industrial Dr NE, Salem, Oregon, 97301-0375, USA",,,
http://govdeals.com,/asset/999/5947,525.0,2024-12-18T14:45:00Z,3FA6P0H7XER318860,2014,Ford,Fusion,5947-999,"103,190.00 (Accurate?: Yes)",,"Visalia, California, USA",Used/See Description,60,Government,Clean Title,"http://maps.google.com/maps?q=36.255442,+-119.260642+(14097 Avenue 256)","Tulare County, CA","14097 Avenue 256, Visalia, California, 93292-9402, USA",,,
http://govdeals.com,/asset/151/9289,433.0,2024-12-18T14:45:00Z,3FA6P0H72HR146036,2017,Ford,Fusion,9289-151,"167,542.00 (Accurate?: Unknown)",,"Warren, Ohio, USA",Used/See Description,24-018,Government,Yes: Salvage Title,"http://maps.google.com/maps?q=41.2342,+-80.81697+(141 South St SE)","Warren, OH","141 South St SE, , Warren, Ohio, 44483-5747, USA",,,
http://govdeals.com,/asset/774/456,2200.0,2024-12-18T14:45:00Z,3FAHP0HG7CR260955,2012,Ford,Fusion,456-774,"102,052.00 (Accurate?: )",,"Gallatin, Tennessee, USA",Used/See Description,Fusion,Government,,"http://maps.google.com/maps?q=36.388928,+-86.448906+(130 W Franklin St)",,"130 W Franklin St, Gallatin, Tennessee, 37066-2766, USA",,,
http://govdeals.com,/asset/8526/5859,200.0,2024-12-18T14:45:00Z,3FAHP0HG3AR247343,2010,Ford,Fusion,5859-8526,"125,174.00 (Accurate?: Yes)",,"Salem, Oregon, USA",Used/See Description,273239,Government,Clean Title,"http://maps.google.com/maps?q=44.971538,+-123.011183+(1655 Salem Industrial Dr NE)",State of Oregon,"1655 Salem Industrial Dr NE, Salem, Oregon, 97301-0375, USA",,,
http://govdeals.com,/asset/32589/782,1025.0,2024-12-18T14:45:00Z,3FA6P0G79LR176581,2020,Ford,Fusion,782-32589,"29,007.00 (Accurate?: Yes)",,"Baton Rouge, Louisiana, USA",Used/See Description,B17,Government,Yes: Salvage Title,"http://maps.google.com/maps?q=30.43772,+-91.18834+(1059 Brickyard Ln)",,"1059 Brickyard Ln, , Baton Rouge, Louisiana, 70802-8002, USA",Courtney Coleman,+12253426854,Courtney.Coleman@la.gov
http://govdeals.com,/asset/3019/142,500.0,2024-12-18T14:45:00Z,3FAFP07Z46R249734,2006,Ford,Fusion,142-3019,"209,409.00 (Accurate?: Yes)",,"Columbia, Tennessee, USA",Used/See Description,3858,Government,,"http://maps.google.com/maps?q=35.609923,+-87.067463+(800 Westover Dr)",,"800 Westover Dr, Columbia, Tennessee, 38401-4843, USA",,,
http://govdeals.com,/asset/17480/4244,100.0,2024-12-18T14:45:00Z,1FA6P0HD7G5129689,2016,Ford,Fusion,4244-17480,,,"Washington, District of Columbia, USA",Used/See Description,DPW Impound-D2409040034 Sale17,Government,Yes: Other (See Description),"http://maps.google.com/maps?q=38.813644,+-77.018769+(5001 Shepherd Pkwy SW)",,"5001 Shepherd Pkwy SW, Washington, District of Columbia, 20032-5216, USA",Dan Wintermantel,+12026899980,dwintermantel@govdeals.com
http://govdeals.com,/asset/8532/5859,210.0,2024-12-18T14:45:00Z,3FA6P0G71ER339274,2014,Ford,Fusion,5859-8532,"138,582.00 (Accurate?: Yes)",,"Salem, Oregon, USA",Used/See Description,273267,Government,Clean Title,"http://maps.google.com/maps?q=44.971538,+-123.011183+(1655 Salem Industrial Dr NE)",State of Oregon,"1655 Salem Industrial Dr NE, Salem, Oregon, 97301-0375, USA",,,
http://govdeals.com,/asset/15571/10337,1024.0,2024-12-18T14:45:00Z,3FA6P0G75HR318688,2017,Ford,Fusion,10337-15571,"117,704.00 (Accurate?: Yes)",,"Columbus, Ohio, USA",Used/See Description,25V263082/C-02,Government,Clean Title,"http://maps.google.com/maps?q=39.95633,+-83.115778+(4200 Surface Rd)","State of Ohio, OH","4200 Surface Rd, Columbus, Ohio, 43228-1313, USA",,,
http://govdeals.com,/asset/610/26960,5500.0,2024-12-18T14:45:00Z,3FA6P0HD6LR159144,2020,Ford,Fusion,26960-610,"63,895.00 (Accurate?: Yes)",,"Jacksonville, Florida, USA",Used/See Description,,Commercial,Clean Title,"http://maps.google.com/maps?q=30.29669952392578,+-81.610595703125+(5321 Fairmont St)",,"5321 Fairmont St, Jacksonville, Florida, 32207, USA",,,
http://govdeals.com,/asset/5453/4923,1000.0,2024-12-18T14:45:00Z,1FA6P0HD8F5117193,2015,Ford,Fusion,4923-5453,"80,365.00 (Accurate?: Yes)",,"Oklahoma City, Oklahoma, USA",Used/See Description,1512224,Government,,"http://maps.google.com/maps?q=35.468155,+-97.521246+(100 N Walker Ave)","Oklahoma City, OK","100 N Walker Ave, Oklahoma City, Oklahoma, 73102-2230, USA",Sherry Cochran-Schmees,+14052973138,sherry.cochranschmees@okc.gov
http://govdeals.com,/asset/15565/10337,925.0,2024-12-18T14:45:00Z,3FA6P0G79HR369451,2017,Ford,Fusion,10337-15565,"55,082.00 (Accurate?: Yes)",,"Columbus, Ohio, USA",Used/See Description,25V261183/A-13,Government,Clean Title,"http://maps.google.com/maps?q=39.95633,+-83.115778+(4200 Surface Rd)","State of Ohio, OH","4200 Surface Rd, Columbus, Ohio, 43228-1313, USA",,,
http://govdeals.com,/asset/8531/5859,200.0,2024-12-18T14:45:00Z,3FA6P0G79DR205367,2013,Ford,Fusion,5859-8531,"151,152.00 (Accurate?: Yes)",,"Salem, Oregon, USA",Used/See Description,273250,Government,Clean Title,"http://maps.google.com/maps?q=44.971538,+-123.011183+(1655 Salem Industrial Dr NE)",State of Oregon,"1655 Salem Industrial Dr NE, Salem, Oregon, 97301-0375, USA",,,
http://govdeals.com,/asset/15572/10337,1025.0,2024-12-18T14:45:00Z,3FA6P0H76KR271919,2019,Ford,Fusion,10337-15572,"98,452.00 (Accurate?: Yes)",,"Columbus, Ohio, USA",Used/See Description,25V262943/C-05,Government,Clean Title,"http://maps.google.com/maps?q=39.95633,+-83.115778+(4200 Surface Rd)","State of Ohio, OH","4200 Surface Rd, Columbus, Ohio, 43228-1313, USA",,,
http://govdeals.com,/asset/15570/10337,210.0,2024-12-18T14:45:00Z,3FA6P0G79HR318726,2017,Ford,Fusion,10337-15570,"138,943.00 (Accurate?: Yes)",,"Columbus, Ohio, USA",Used/See Description,25V263502/B-27,Government,Clean Title,"http://maps.google.com/maps?q=39.95633,+-83.115778+(4200 Surface Rd)","State of Ohio, OH","4200 Surface Rd, Columbus, Ohio, 43228-1313, USA",,,
http://govdeals.com,/asset/8533/5859,1510.0,2024-12-18T14:45:00Z,3FAHP0HG8AR259522,2010,Ford,Fusion,5859-8533,"105,346.00 (Accurate?: Yes)",,"Salem, Oregon, USA",Used/See Description,273270,Government,Clean Title,"http://maps.google.com/maps?q=44.971538,+-123.011183+(1655 Salem Industrial Dr NE)",State of Oregon,"1655 Salem Industrial Dr NE, Salem, Oregon, 97301-0375, USA",,,
http://govdeals.com,/asset/15567/10337,2225.0,2024-12-18T14:45:00Z,3FA6P0G7XHR369460,2017,Ford,Fusion,10337-15567,"60,888.00 (Accurate?: Yes)",,"Columbus, Ohio, USA",Used/See Description,25V261359/A-16,Government,Clean Title,"http://maps.google.com/maps?q=39.95633,+-83.115778+(4200 Surface Rd)","State of Ohio, OH","4200 Surface Rd, Columbus, Ohio, 43228-1313, USA",,,
http://govdeals.com,/asset/8530/5859,200.0,2024-12-18T14:45:00Z,3FAHP0HA2BR287636,2011,Ford,Fusion,5859-8530,"123,487.00 (Accurate?: Yes)",,"Salem, Oregon, USA",Used/See Description,273245,Government,Clean Title,"http://maps.google.com/maps?q=44.971538,+-123.011183+(1655 Salem Industrial Dr NE)",State of Oregon,"1655 Salem Industrial Dr NE, Salem, Oregon, 97301-0375, USA",,,
http://govdeals.com,/asset/15566/10337,1125.0,2024-12-18T14:45:00Z,3FA6P0G70GR126013,2016,Ford,Fusion,10337-15566,"67,793.00 (Accurate?: Yes)",,"Columbus, Ohio, USA",Used/See Description,25V256799/A-14,Government,Clean Title,"http://maps.google.com/maps?q=39.95633,+-83.115778+(4200 Surface Rd)","State of Ohio, OH","4200 Surface Rd, Columbus, Ohio, 43228-1313, USA",,,
http://govdeals.com,/asset/12816/11227,277.0,2024-12-18T14:45:00Z,3FA6P0HR9DR318283,2013,FORD,FUSION,11227-12816,"151,179.00 (Accurate?: Yes)",,"Cookeville, Tennessee, USA",Used/See Description,32901-CC-033,Government,Clean Title,"http://maps.google.com/maps?q=36.150221,+-85.499502+(580 S Jefferson Ave)",State of Tennessee,"580 S Jefferson Ave, Uchra, Cookeville, Tennessee, 38501-4672, USA",MELISSA HOISINGTON,+19315281127,MELISSA.L.HOISINGTON@TN.GOV
http://govdeals.com,/asset/1247/19236,1075.0,2024-12-18T14:45:00Z,3FA6P0H79GR112450,2016,Ford,Fusion,19236-1247,"147,657.00 (Accurate?: Yes)",,"Topeka, Kansas, USA",Used/See Description,S-25-8228,Government,Clean Title,"http://maps.google.com/maps?q=39.066895,+-95.712891+(2830 SW Kanza Dr)",State of Kansas,"2830 SW Kanza Dr, Topeka, Kansas, 66606-2452, USA",,,
http://govdeals.com,/asset/38239/8445,2425.0,2024-12-18T14:45:00Z,3FA6P0LU0DR349191,2013,Ford,Fusion Hybrid,8445-38239,"102,035.00 (Accurate?: Yes)",,"Tumwater, Washington, USA",Used/See Description,25-0173,Government,Clean Title,"http://maps.google.com/maps?q=46.980812,+-122.911591+(7511 New Market St SW)","State of Washington Surplus Operations, WA","7511 New Market St SW, [Only by Appointment], Tumwater, Washington, 98501-5701, USA",,,
http://govdeals.com,/asset/8542/5859,200.0,2024-12-18T14:45:00Z,3FAHP0HA8BR287608,2011,Ford,Fusion,5859-8542,"137,977.00 (Accurate?: Yes)",,"Salem, Oregon, USA",Used/See Description,273244,Government,Clean Title,"http://maps.google.com/maps?q=44.971538,+-123.011183+(1655 Salem Industrial Dr NE)",State of Oregon,"1655 Salem Industrial Dr NE, Salem, Oregon, 97301-0375, USA",,,
http://govdeals.com,/asset/211/3489,200.0,2024-12-18T14:45:00Z,3FAHP0GA6BR293277,2011,Ford,Fusion,3489-211,"162,290.00 (Accurate?: Yes)",,"Lompoc, California, USA",Used/See Description,5239,Government,,"http://maps.google.com/maps?q=34.643677,+-120.427768+(2010 Sweeney Rd)",,"2010 Sweeney Rd, Lompoc, California, 93436-9639, USA",,,
http://govdeals.com,/asset/8541/5859,200.0,2024-12-18T14:45:00Z,3FAHP0HG8AR247323,2010,Ford,Fusion,5859-8541,"138,708.00 (Accurate?: Yes)",,"Salem, Oregon, USA",Used/See Description,273240,Government,Clean Title,"http://maps.google.com/maps?q=44.971538,+-123.011183+(1655 Salem Industrial Dr NE)",State of Oregon,"1655 Salem Industrial Dr NE, Salem, Oregon, 97301-0375, USA",,,
http://govdeals.com,/asset/93/10900,500.0,2024-12-18T14:45:00Z,3FA6P0G76DR364525,2013,Ford,Fusion,10900-93,"215,893.00 (Accurate?: Yes)",,"Southfield, Michigan, USA",Used/See Description,,Government,Clean Title,"http://maps.google.com/maps?q=42.482796,+-83.235974+(26000 Evergreen Rd)","Southfield, MI","26000 Evergreen Rd, Southfield, Michigan, 48076-4453, USA",,,
http://govdeals.com,/asset/8551/5859,200.0,2024-12-18T14:45:00Z,3FAHP0HA3BR191255,2011,Ford,Fusion,5859-8551,"137,557.00 (Accurate?: Yes)",,"Salem, Oregon, USA",Used/See Description,273608,Government,Clean Title,"http://maps.google.com/maps?q=44.971538,+-123.011183+(1655 Salem Industrial Dr NE)",State of Oregon,"1655 Salem Industrial Dr NE, Salem, Oregon, 97301-0375, USA",,,
http://govdeals.com,/asset/8548/5859,200.0,2024-12-18T14:45:00Z,1FA6P0G78E5377880,2014,Ford,Fusion,5859-8548,"103,870.00 (Accurate?: Yes)",,"Salem, Oregon, USA",Used/See Description,272191,Government,Yes: Salvage Title,"http://maps.google.com/maps?q=44.971538,+-123.011183+(1655 Salem Industrial Dr NE)",State of Oregon,"1655 Salem Industrial Dr NE, Salem, Oregon, 97301-0375, USA",,,
http://govdeals.com,/asset/15141/7167,555.0,2024-12-18T14:45:00Z,3FA6P0G70JR156300,2018,Ford,Fusion,7167-15141,"62,972.00 (Accurate?: Yes)",,"Doral, Florida, USA",Used/See Description,5508A,Government,,"http://maps.google.com/maps?q=25.826218,+-80.340668+(8801 NW 58th St)","Miami-Dade County, FL","8801 NW 58th St, Entrance Is on 87th Avenue, Doral, Florida, 33178-1603, USA",,,
http://govdeals.com,/asset/8546/5859,200.0,2024-12-18T14:45:00Z,3FA6P0G72ER359615,2014,Ford,Fusion,5859-8546,"88,047.00 (Accurate?: Yes)",,"Salem, Oregon, USA",Used/See Description,272190,Government,Yes: Salvage Title,"http://maps.google.com/maps?q=44.971538,+-123.011183+(1655 Salem Industrial Dr NE)",State of Oregon,"1655 Salem Industrial Dr NE, Salem, Oregon, 97301-0375, USA",,,
http://govdeals.com,/asset/15140/7167,10.0,2024-12-18T14:45:00Z,3FA6P0G73JR178050,2018,Ford,Fusion,7167-15140,"73,504.00 (Accurate?: Yes)",,"Doral, Florida, USA",Used/See Description,4885A,Government,Yes: Salvage Title,"http://maps.google.com/maps?q=25.826218,+-80.340668+(8801 NW 58th St)","Miami-Dade County, FL","8801 NW 58th St, Entrance Is on 87th Avenue, Doral, Florida, 33178-1603, USA",,,
http://govdeals.com,/asset/32614/782,1070.0,2024-12-18T14:45:00Z,3FA6P0G72KR142416,2019,Ford,Fusion,782-32614,"113,508.00 (Accurate?: Yes)",,"Baton Rouge, Louisiana, USA",Used/See Description,C20,Government,Clean Title,"http://maps.google.com/maps?q=30.43772,+-91.18834+(1059 Brickyard Ln)",,"1059 Brickyard Ln, , Baton Rouge, Louisiana, 70802-8002, USA",Courtney Coleman,+12253426854,Courtney.Coleman@la.gov
http://govdeals.com,/asset/8554/5859,585.0,2024-12-18T14:45:00Z,3FAHP0HA4BR287606,2011,Ford,Fusion,5859-8554,"109,462.00 (Accurate?: Yes)",,"Salem, Oregon, USA",Used/See Description,273610,Government,Clean Title,"http://maps.google.com/maps?q=44.971538,+-123.011183+(1655 Salem Industrial Dr NE)",State of Oregon,"1655 Salem Industrial Dr NE, Salem, Oregon, 97301-0375, USA",,,
http://govdeals.com,/asset/476/2296,5000.0,2024-12-18T14:45:00Z,3FA6P0G7XER337247,2014,Ford,Fusion,2296-476,"70,765.00 (Accurate?: Yes)",,"Red Wing, Minnesota, USA",Used/See Description,137,Government,Clean Title,"http://maps.google.com/maps?q=44.56885,+-92.584668+(229 Tyler Rd N)",,"229 Tyler Rd N, Red Wing, Minnesota, 55066-1826, USA",Lynn Nardinger,+16513853654,lynn.nardinger@ci.red-wing.mn.us
http://govdeals.com,/asset/8555/5859,575.0,2024-12-18T14:45:00Z,3FA6P0G77JR133161,2018,Ford,Fusion,5859-8555,"109,532.00 (Accurate?: Yes)",,"Salem, Oregon, USA",Used/See Description,273617,Government,Clean Title,"http://maps.google.com/maps?q=44.971538,+-123.011183+(1655 Salem Industrial Dr NE)",State of Oregon,"1655 Salem Industrial Dr NE, Salem, Oregon, 97301-0375, USA",,,
http://govdeals.com,/asset/1518/26446,1325.0,2024-12-18T14:45:00Z,3FA6P0G73ER293723,2014,Ford,Fusion,26446-1518,"105,735.00 (Accurate?: Unknown)",,"Albany, New York, USA",Used/See Description,143429,Government,Clean Title,"http://maps.google.com/maps?q=42.674251556396484,+-73.81096649169922+(1220 Washington Ave)",,"1220 Washington Ave, Building 18 Warehouse, Albany, New York, 12226, USA",,,
http://govdeals.com,/asset/45190/357,260.0,2024-12-18T14:45:00Z,3FA6P0G71HR369363,2017,Ford,Fusion,357-45190,"177,468.00 (Accurate?: )",,"Forsyth, Georgia, USA",Used/See Description,195158 RS,Government,Clean Title,"http://maps.google.com/maps?q=33.058993,+-83.981419+(2048 Collier Rd)",State of Georgia,"2048 Collier Rd, GA Dept of Corrections, Forsyth, Georgia, 31029-2627, USA",Department of Administrative Services Surplus Property,+14046578544,publicsurplussales@doas.ga.gov
http://govdeals.com,/asset/9/27700,100.0,2024-12-18T14:45:00Z,3FADPOL32CR440847,2012,Ford,Fusion Hybrid,27700-9,,,"Pleasantville, New York, USA",Used/See Description,,Government,,"http://maps.google.com/maps?q=41.134307861328125,+-73.79196166992188+(1 Village Lane)","Pleasantville Village, NY","1 Village Lane, Pleasantville, New York, 10570, USA",,,
http://govdeals.com,/asset/1574/10000,100.0,2024-12-18T14:45:00Z,3FADP0L32BR224480,2011,Ford,Fusion Hybrid,10000-1574,"116,304.00 (Accurate?: Yes)",,"Boston, Massachusetts, USA",Used/See Description,BPD 1376,Government,Clean Title,"http://maps.google.com/maps?q=42.34112,+-71.061368+(400 Frontage Rd)","Boston, MA","400 Frontage Rd, Boston, Massachusetts, 02118-2810, USA",,,
http://govdeals.com,/asset/1573/10000,100.0,2024-12-18T14:45:00Z,3FADP0L35CR219579,2012,Ford,Fusion Hybrid,10000-1573,"125,473.00 (Accurate?: Yes)",,"Boston, Massachusetts, USA",Used/See Description,BPD 2340,Government,Clean Title,"http://maps.google.com/maps?q=42.34112,+-71.061368+(400 Frontage Rd)","Boston, MA","400 Frontage Rd, Boston, Massachusetts, 02118-2810, USA",,,
http://govdeals.com,/asset/248/10165,10000.0,2024-12-18T14:45:00Z,3FA6P0HD6LR104418,2020,Ford,Fusion,10165-248,"56,300.00 (Accurate?: )",,"Lakeland, Florida, USA",Used/See Description,,Government,,"http://maps.google.com/maps?q=28.100161,+-81.905524+(4700 Research Way)","Florida Polytechnic University, FL","4700 Research Way, Lakeland, Florida, 33805-8531, USA",Frank Dankowski,+18638748733,fdankowski@floridapoly.edu
http://govdeals.com,/asset/37/27263,200.0,2024-12-18T14:45:00Z,3FA6P0G72ER359601,2014,Ford,Fusion,27263-37,"37,585.00 (Accurate?: Yes)",,"Peoria, Arizona, USA",Used/See Description,V007812,Commercial,Clean Title,"http://maps.google.com/maps?q=33.582017,+-112.261742+(10721 N 95th Ave)",,"10721 N 95th Ave, , Peoria, Arizona, 85345, USA",,,
http://govdeals.com,/asset/249/10990,230.0,2024-12-18T14:45:00Z,3FAHP0HG6AR378699,2010,Ford,Fusion,10990-249,"80,007.00 (Accurate?: Yes)",,"Bristol, Connecticut, USA",Used/See Description,20100032,Government,Clean Title,"http://maps.google.com/maps?q=41.65791,+-72.919865+(95 Vincent P Kelly Rd)","Bristol, CT","95 Vincent P Kelly Rd, Bristol, Connecticut, 06010-8408, USA",,,
http://govdeals.com,/asset/1501/19493,100.0,2024-12-18T14:45:00Z,3FAHP0GA3AR332938,2010,Ford,Fusion,19493-1501,"144,217.00 (Accurate?: Yes)",,"Denver, Colorado, USA",Used/See Description,25496,Government,Clean Title,"http://maps.google.com/maps?q=39.794485,+-104.858063+(11111 E 53rd Ave)",State of Colorado - Surplus Autos,"11111 E 53rd Ave, Suite B, Denver, Colorado, 80239-2133, USA",,,
http://govdeals.com,/asset/11255/22559,1000.0,2024-12-18T14:45:00Z,3FA6P0UU4JR125500,2018,Ford,Fusion Hybrid,22559-11255,"186,212.00 (Accurate?: Yes)",,"Oklahoma City, Oklahoma, USA",Used/See Description,OA38140 / ODA101,Government,Clean Title,"http://maps.google.com/maps?q=35.462895,+-97.561721+(304 S Miller Pl)",State of Oklahoma,"304 S Miller Pl, Oklahoma City, Oklahoma, 73108-1236, USA",,,
http://govdeals.com,/asset/273/2524,775.0,2024-12-18T14:45:00Z,3FAHP06Z89R133760,2009,Ford,Fusion,2524-273,"84,409.00 (Accurate?: Yes)",,"Newport, Kentucky, USA",Used/See Description,,Government,Clean Title,"http://maps.google.com/maps?q=39.08648,+-84.487917+(1098 Monmouth St)",,"1098 Monmouth St, , Newport, Kentucky, 41071-3384, USA",Mike Braun,+18595471845,mbraun@campbellcountyky.gov
http://govdeals.com,/asset/4284/19,300.0,2024-12-18T14:45:00Z,1FA6P0G75G5118301,2016,Ford,Fusion,19-4284,"97,791.00 (Accurate?: Yes)",,"Chesterfield, Virginia, USA",Used/See Description,16306,Government,Clean Title,"http://maps.google.com/maps?q=37.38041305541992,+-77.50691223144531+(9700 Lori Ln)","Chesterfield County, VA","9700 Lori Ln, , Chesterfield, Virginia, 23832, USA",,,
http://govdeals.com,/asset/14/25708,100.0,2024-12-18T14:45:00Z,3FA6P0H79GR200141,2016,Ford,Fusion,25708-14,"225,970.00 (Accurate?: Yes)",,"Attalla, Alabama, USA",Used/See Description,,Commercial,Clean Title,"http://maps.google.com/maps?q=34.019973,+-86.069103+(927 5th Ave NE)",,"927 5th Ave NE, Attalla, Alabama, 35954-2936, USA",,,
http://govdeals.com,/asset/23/10574,100.0,2024-12-18T14:45:00Z,3FADP0L33AR259558,2010,Ford,Fusion Hybrid,10574-23,"75,815.00 (Accurate?: Yes)",,"White Hall, Arkansas, USA",Used/See Description,,Government,,"http://maps.google.com/maps?q=34.286001,+-92.106693+(1020 W Holland Ave)","White Hall School District, AR","1020 W Holland Ave, White Hall, Arkansas, 71602-9572, USA",Cedric Hawkins,+18702477100,hawkinsc@whitehallsd.org
http://govdeals.com,/asset/168/215,2525.0,2024-12-18T14:45:00Z,3FA6P0K9XHR265608,2017,Ford,Fusion,215-168,"74,053.00 (Accurate?: Yes)",,"Athens, Alabama, USA",Used/See Description,,Government,Clean Title,"http://maps.google.com/maps?q=34.82815170288086,+-86.96511840820312+(1806 Wilkinson St)","Athens Utilities, AL","1806 Wilkinson St, , Athens, Alabama, 35611, USA",,,
http://govdeals.com,/asset/8574/5859,1000.0,2024-12-18T14:45:00Z,3FAHP0GA8CR305303,2012,Ford,Fusion,5859-8574,"108,558.00 (Accurate?: Yes)",,"Salem, Oregon, USA",Used/See Description,273650,Government,Clean Title,"http://maps.google.com/maps?q=44.928977,+-123.006772+(455 Airport Rd SE)",State of Oregon,"455 Airport Rd SE, , Salem, Oregon, 97301-5348, USA",,,
http://govdeals.com,/asset/2667/12168,677.0,2025-02-08T21:30:00Z,3FA6P0G74FR215520,2015,Ford,Fusion,12168-2667,"186,636.00 (Accurate?: Yes)",,"Indianapolis, Indiana, USA",Used/See Description,1840 ISBVI,Government,Clean Title,"http://maps.google.com/maps?q=39.756097,+-86.169778+(601 W McCarty St)","State of Indiana Fleet Services, IN","601 W McCarty St, Suite 125, Indianapolis, Indiana, 46225-1214, USA",,,
http://govdeals.com,/asset/382/25530,615.0,2025-02-11T04:00:00Z,3FA6P0UU9FR119344,2015,Ford,Fusion Hybrid,25530-382,"87,212.00 (Accurate?: )",,"Riverside, California, USA",Used/See Description,G22249-15,Government,Clean Title,"http://maps.google.com/maps?f=q&hl=en&q=Offsite-call for address 9092030548,+Riverside,+CA+92123","San Diego County Fleet Services, CA","Offsite-call for address 9092030548, , Riverside, California, 92123, USA",,,
http://govdeals.com,/asset/1646/26446,500.0,2025-02-10T18:00:00Z,3FAHP0HG8BR337847,2011,Ford,Fusion,26446-1646,"152,744.00 (Accurate?: Unknown)",,"Albany, New York, USA",Used/See Description,111314,Government,,"http://maps.google.com/maps?q=42.68038558959961,+-73.81611633300781+(1220 Washington Ave)",,"1220 Washington Ave, Building 18 - Suite 102, Albany, New York, 12226, USA",,,
http://govdeals.com,/asset/362/24037,1000.0,2025-02-11T00:57:00Z,3FA6P0HDXGR242792,2016,Ford,Fusion,24037-362,"141,670.00 (Accurate?: Unknown)",,"Jacksonville, Florida, USA",Used/See Description,321,Commercial,Clean Title,"http://maps.google.com/maps?q=30.325463,+-81.536787+(120 Lee Rd)",,"120 Lee Rd, Jacksonville, Florida, 32225-6515, USA",,,
http://govdeals.com,/asset/202/6129,725.0,2025-02-11T13:20:00Z,3FAHP0HA0BR317104,2011,Ford,Fusion,6129-202,"38,981.00 (Accurate?: Yes)",,"Brooklyn, Ohio, USA",Used/See Description,317104,Government,Clean Title,"http://maps.google.com/maps?q=41.428287,+-81.76591+(4800 Tiedeman Rd)",,"4800 Tiedeman Rd, Brooklyn, Ohio, 44144-2336, USA",,,
http://govdeals.com,/asset/15660/10337,2011.0,2025-02-18T21:20:00Z,3FA6P0H74LR216483,2020,Ford,Fusion,10337-15660,"116,594.00 (Accurate?: Yes)",,"Columbus, Ohio, USA",Used/See Description,25V264170/D-19,Government,Clean Title,"http://maps.google.com/maps?q=39.95633,+-83.115778+(4200 Surface Rd)","State of Ohio, OH","4200 Surface Rd, Columbus, Ohio, 43228-1313, USA",,,
http://govdeals.com,/asset/1704/26446,525.0,2025-02-11T19:50:00Z,3FAHP0HG3AR153978,2010,Ford,Fusion,26446-1704,"106,257.00 (Accurate?: Yes)",,"Albany, New York, USA",Used/See Description,100008,Government,Clean Title,"http://maps.google.com/maps?q=42.68038558959961,+-73.81611633300781+(1220 Washington Ave)",,"1220 Washington Ave, Building 18 - Suite 102, Albany, New York, 12226, USA",,,
http://govdeals.com,/asset/15658/10337,925.0,2025-02-18T21:10:00Z,3FA6P0G7XHR120804,2017,Ford,Fusion,10337-15658,"82,234.00 (Accurate?: Yes)",,"Columbus, Ohio, USA",Used/See Description,25V264775/D-04,Government,Clean Title,"http://maps.google.com/maps?q=39.95633,+-83.115778+(4200 Surface Rd)","State of Ohio, OH","4200 Surface Rd, Columbus, Ohio, 43228-1313, USA",,,
http://govdeals.com,/asset/15650/10337,410.0,2025-02-18T20:30:00Z,1FA6P0G74G5119701,2016,Ford,Fusion,10337-15650,"94,788.00 (Accurate?: Yes)",,"Columbus, Ohio, USA",Used/See Description,25V264773/C-09,Government,Clean Title,"http://maps.google.com/maps?q=39.95633,+-83.115778+(4200 Surface Rd)","State of Ohio, OH","4200 Surface Rd, Columbus, Ohio, 43228-1313, USA",,,
http://govdeals.com,/asset/15644/10337,875.0,2025-02-18T20:00:00Z,1FA6P0G71G5101818,2016,Ford,Fusion,10337-15644,"172,104.00 (Accurate?: Yes)",,"Columbus, Ohio, USA",Used/See Description,25V262586/A-03,Government,Clean Title,"http://maps.google.com/maps?q=39.95633,+-83.115778+(4200 Surface Rd)","State of Ohio, OH","4200 Surface Rd, Columbus, Ohio, 43228-1313, USA",,,
http://govdeals.com,/asset/15652/10337,200.0,2025-02-18T20:40:00Z,3FA6P0G79JR139785,2018,Ford,Fusion,10337-15652,"94,017.00 (Accurate?: Yes)",,"Columbus, Ohio, USA",Used/See Description,25V263648/C-12,Government,Clean Title,"http://maps.google.com/maps?q=39.95633,+-83.115778+(4200 Surface Rd)","State of Ohio, OH","4200 Surface Rd, Columbus, Ohio, 43228-1313, USA",,,
http://govdeals.com,/asset/201/6129,1185.0,2025-02-11T13:10:00Z,3FAHP0GAXCR309899,2012,Ford,Fusion,6129-201,"105,195.00 (Accurate?: Yes)",,"Brooklyn, Ohio, USA",Used/See Description,309899,Government,Clean Title,"http://maps.google.com/maps?q=41.428287,+-81.76591+(4800 Tiedeman Rd)",,"4800 Tiedeman Rd, Brooklyn, Ohio, 44144-2336, USA",,,
http://govdeals.com,/asset/997/10013,1325.0,2025-02-17T17:01:00Z,1FA6P0G70E5399050,2014,Ford,Fusion,10013-997,"125,634.00 (Accurate?: )",,"Libertyville, Illinois, USA",Used/See Description,,Government,,"http://maps.google.com/maps?q=42.29687,+-87.963984+(600 W Winchester Rd)",,"600 W Winchester Rd, , Libertyville, Illinois, 60048-1329, USA",,,
http://govdeals.com,/asset/107/7752,700.0,2025-02-19T00:35:00Z,3FAHP0GA7CR213020,2012,Ford,Fusion,7752-107,"43,481.00 (Accurate?: Yes)",,"Baltimore, Maryland, USA",Used/See Description,1154,Government,Clean Title,"http://maps.google.com/maps?q=39.308319091796875,+-76.56707000732422+(3701 Duncanwood Ln)",,"3701 Duncanwood Ln, , Baltimore, Maryland, 21213, USA",,,
http://govdeals.com,/asset/167/9617,2000.0,2025-02-20T16:04:00Z,3FA6P0H71FR191367,2015,Ford,Fusion,9617-167,"100,000.00 (Accurate?: Yes)",,"Chagrin Falls, Ohio, USA",Used/See Description,,Government,Clean Title,"http://maps.google.com/maps?q=41.43334,+-81.464405+(4600 Lander Rd)",,"4600 Lander Rd, Chagrin Falls, Ohio, 44022-1704, USA",,,
http://govdeals.com,/asset/407/25530,500.0,2025-02-18T02:00:00Z,3FA6P0G77DR205223,2013,Ford,Fusion,25530-407,"99,577.00 (Accurate?: )",,"Montclair, California, USA",Used/See Description,G21294-13,Government,Clean Title,"http://maps.google.com/maps?q=34.05647277832031,+-117.69495391845703+(5010 W Mission Blvd)","San Diego County Fleet Services, CA","5010 W Mission Blvd, , Montclair, California, 91762, USA",,,
http://govdeals.com,/asset/15215/7167,1000.0,2025-02-15T01:05:00Z,3FA6P0G70GR398125,2016,Ford,Fusion,7167-15215,"90,932.00 (Accurate?: Yes)",,"Doral, Florida, USA",Used/See Description,4011A,Government,,"http://maps.google.com/maps?q=25.826218,+-80.340668+(8801 NW 58th St)","Miami-Dade County, FL","8801 NW 58th St, Entrance Is on 87th Avenue, Doral, Florida, 33178-1603, USA",,,
http://govdeals.com,/asset/5878/7529,375.0,2025-02-17T19:40:00Z,3FAHP0HG4CR147559,2012,Ford,Fusion,7529-5878,"100,323.00 (Accurate?: Yes)",,"Edison, New Jersey, USA",Used/See Description,25416,Government,Clean Title,"http://maps.google.com/maps?f=q&hl=en&q=84 Warehouse Rd,+Edison,+NJ+08817",,"84 Warehouse Rd, Edison, New Jersey, 08817, USA",,,
http://govdeals.com,/asset/8602/5859,409.77,2025-02-18T01:45:00Z,3FAHP0HA8BR191266,2011,Ford,Fusion,5859-8602,"146,551.00 (Accurate?: Yes)",,"Salem, Oregon, USA",Used/See Description,274223,Government,Clean Title,"http://maps.google.com/maps?q=44.971538,+-123.011183+(1655 Salem Industrial Dr NE)",State of Oregon,"1655 Salem Industrial Dr NE, Salem, Oregon, 97301-0375, USA",,,
http://govdeals.com,/asset/685/26960,1025.0,2025-02-14T02:44:00Z,3FA6P0HDXHR270139,2017,Ford,Fusion,26960-685,"117,201.00 (Accurate?: Yes)",,"Jacksonville, Florida, USA",Used/See Description,,Commercial,Clean Title,"http://maps.google.com/maps?q=30.29669952392578,+-81.610595703125+(5321 Fairmont St)",,"5321 Fairmont St, Jacksonville, Florida, 32207, USA",,,
http://govdeals.com,/asset/11347/22559,1375.0,2025-02-18T16:04:00Z,3FA6P0UU6GR359789,2016,Ford,Fusion Hybrid,22559-11347,"161,703.00 (Accurate?: )",,"Oklahoma City, Oklahoma, USA",Used/See Description,OA38228 / ODA 67,Government,Clean Title,"http://maps.google.com/maps?q=35.462895,+-97.561721+(304 S Miller Pl)",State of Oklahoma,"304 S Miller Pl, Oklahoma City, Oklahoma, 73108-1236, USA",,,
http://govdeals.com,/asset/1582/10000,100.0,2025-02-25T15:45:00Z,3FA6P0LU1DR275182,2013,Ford,Fusion Hybrid,10000-1582,"175,016.00 (Accurate?: Yes)",,"Boston, Massachusetts, USA",Used/See Description,BPD3376,Government,Clean Title,"http://maps.google.com/maps?q=42.34112,+-71.061368+(400 Frontage Rd)","Boston, MA","400 Frontage Rd, Boston, Massachusetts, 02118-2810, USA",,,
http://govdeals.com,/asset/15772/10337,1682.0,2025-02-25T21:50:00Z,3FA6P0G70GR368364,2016,Ford,Fusion,10337-15772,"90,661.00 (Accurate?: Yes)",,"Columbus, Ohio, USA",Used/See Description,25V265006/D-07,Government,Clean Title,"http://maps.google.com/maps?q=39.95633,+-83.115778+(4200 Surface Rd)","State of Ohio, OH","4200 Surface Rd, Columbus, Ohio, 43228-1313, USA",,,
http://govdeals.com,/asset/15754/10337,220.0,2025-02-25T20:20:00Z,3FA6P0G76FR119470,2015,Ford,Fusion,10337-15754,"151,142.00 (Accurate?: Yes)",,"Columbus, Ohio, USA",Used/See Description,25V265680/A-20,Government,Clean Title,"http://maps.google.com/maps?q=39.95633,+-83.115778+(4200 Surface Rd)","State of Ohio, OH","4200 Surface Rd, Columbus, Ohio, 43228-1313, USA",,,
http://govdeals.com,/asset/15750/10337,200.0,2025-02-25T20:00:00Z,3FA6P0G7XJR220651,2018,Ford,Fusion,10337-15750,"65,224.00 (Accurate?: Unknown)",,"Columbus, Ohio, USA",Used/See Description,25V260732/A-02,Government,Yes: Salvage Title,"http://maps.google.com/maps?q=39.95633,+-83.115778+(4200 Surface Rd)","State of Ohio, OH","4200 Surface Rd, Columbus, Ohio, 43228-1313, USA",,,
http://govdeals.com,/en/asset/17752/10337,222.0,2025-08-19T21:10:00Z,3FA6P0G72JR257922,2018,Ford,Fusion,10337-17752,"98,935.00 (Accurate?: Yes)",,"Columbus, Ohio, USA",Used/See Description,26V288262/C-08,Government,Clean Title,"http://maps.google.com/maps?q=39.95633,+-83.115778+(4200 Surface Rd)","State of Ohio, OH","4200 Surface Rd, Columbus, Ohio, 43228-1313, USA",,,
http://govdeals.com,/en/asset/1568/26960,150.0,2025-08-16T01:00:00Z,3FA6P0HD0JR229976,2018,Ford,Fusion,26960-1568,"172,855.00 (Accurate?: Yes)",,"Matteson, Illinois, USA",Used/See Description,,Commercial,Clean Title,"http://maps.google.com/maps?f=q&hl=en&q=1234 Repo Lane,+Matteson,+IL+60443",,"1234 Repo Lane, Matteson, Illinois, 60443, USA",,,
http://govdeals.com,/en/asset/15960/7167,1200.0,2025-08-16T00:00:00Z,3FA6P0G7XGR359719,2016,Ford,Fusion,7167-15960,"130,235.00 (Accurate?: Yes)",,"Doral, Florida, USA",Used/See Description,3838A,Government,,"http://maps.google.com/maps?q=25.826218,+-80.340668+(8801 NW 58th St)","Miami-Dade County, FL","8801 NW 58th St, Entrance Is on 87th Avenue, Doral, Florida, 33178-1603, USA",,,
http://govdeals.com,/en/asset/647/25530,3025.0,2025-08-12T01:45:00Z,3FA6P0G70HR330389,2017,Ford,Fusion,25530-647,"87,878.00 (Accurate?: )",,"Montclair, California, USA",Used/See Description,G22442-17,Government,Clean Title,"http://maps.google.com/maps?q=34.05647277832031,+-117.69495391845703+(5010 W Mission Blvd)","San Diego County Fleet Services, CA","5010 W Mission Blvd, , Montclair, California, 91762, USA",,,
http://govdeals.com,/en/asset/36/28680,600.0,2025-08-13T11:45:00Z,3FA6P0HR7DR370382,2013,Ford,Fusion,28680-36,"136,116.00 (Accurate?: Yes)",,"Houston, Texas, USA",Used/See Description,202533,Commercial,,"http://maps.google.com/maps?q=29.8591,+-95.3838+(6203 Airline Dr)",,"6203 Airline Dr, Suite A, Houston, Texas, 77076-3546, USA",,,
http://govdeals.com,/en/asset/249/28146,250.0,2025-08-14T23:00:00Z,3FA6P0AUXLR194621,2020,Ford,Fusion Hybrid,28146-249,"53,173.00 (Accurate?: Yes)",,"Maspeth, New York, USA",Used/See Description,194621,,Clean Title,"http://maps.google.com/maps?q=40.729034423828125,+-73.90735626220703+(5972 54th Ave)",,,,,
http://govdeals.com,/en/asset/17691/10337,525.0,2025-08-12T20:15:00Z,3FA6P0G74GR368349,2016,Ford,Fusion,10337-17691,"62,491.00 (Accurate?: Yes)",,"Columbus, Ohio, USA",Used/See Description,26V287881/A-08,Government,Clean Title,"http://maps.google.com/maps?q=39.95633,+-83.115778+(4200 Surface Rd)","State of Ohio, OH","4200 Surface Rd, Columbus, Ohio, 43228-1313, USA",,,
http://govdeals.com,/en/asset/17704/10337,1125.0,2025-08-12T21:20:00Z,1FA6P0G78G5112864,2016,Ford,Fusion,10337-17704,"121,987.00 (Accurate?: Yes)",,"Columbus, Ohio, USA",Used/See Description,26V287990/C-05,Government,Clean Title,"http://maps.google.com/maps?q=39.95633,+-83.115778+(4200 Surface Rd)","State of Ohio, OH","4200 Surface Rd, Columbus, Ohio, 43228-1313, USA",,,
http://govdeals.com,/en/asset/310/26070,3900.0,2025-08-19T19:00:00Z,3FA6P0HD8FR277989,2015,Ford,Fusion,26070-310,"150,160.00 (Accurate?: )",,"La Vergne, Tennessee, USA",Used/See Description,,Commercial,Clean Title,"http://maps.google.com/maps?q=36.01259994506836,+-86.5656967163086+(Call For Address)",,"Call For Address, , La Vergne, Tennessee, 37086, USA",,,
http://govdeals.com,/en/asset/645/28146,250.0,2025-08-14T23:00:00Z,3FA6P0AU4LR201708,2020,Ford,Fusion Hybrid,28146-645,"58,248.00 (Accurate?: Yes)",,"Maspeth, New York, USA",Used/See Description,201708,,Clean Title,"http://maps.google.com/maps?q=40.729034423828125,+-73.90735626220703+(5972 54th Ave)",,,,,
http://govdeals.com,/en/asset/17689/10337,975.0,2025-08-12T20:05:00Z,3FA6P0G71FR119506,2015,Ford,Fusion,10337-17689,"179,045.00 (Accurate?: Yes)",,"Columbus, Ohio, USA",Used/See Description,26V287036/A-05,Government,Clean Title,"http://maps.google.com/maps?q=39.95633,+-83.115778+(4200 Surface Rd)","State of Ohio, OH","4200 Surface Rd, Columbus, Ohio, 43228-1313, USA",,,
http://govdeals.com,/en/asset/94/8596,2350.0,2025-08-12T18:02:00Z,3FA6P0HR1DR357496,2013,Ford,Fusion,8596-94,"129,985.00 (Accurate?: Unknown)",,"Glasgow, Kentucky, USA",Used/See Description,,Government,Clean Title,"http://maps.google.com/maps?q=37.010143,+-85.927387+(101 Pin Oak Ln)","Glasgow Police Department, KY","101 Pin Oak Ln, Glasgow, Kentucky, 42141-1160, USA",Terry Flatt,+12706516165,tflatt@glasgowpd.com
http://govdeals.com,/en/asset/641/28146,2525.0,2025-08-14T23:00:00Z,3FA6P0LU8DR171160,2013,Ford,Fusion Hybrid,28146-641,"89,682.00 (Accurate?: Yes)",,"Brooklyn, New York, USA",Used/See Description,171160,,Clean Title,"http://maps.google.com/maps?f=q&hl=en&q=63 FLUSHING AVE BROOKLYN NAVY YARD 217,+Brooklyn,+NY+11205",,,,,
http://govdeals.com,/en/asset/655/28146,2525.0,2025-08-14T23:00:00Z,3FA6P0LU8ER318823,2014,Ford,Fusion Hybrid,28146-655,"57,865.00 (Accurate?: Yes)",,"Brooklyn, New York, USA",Used/See Description,318823,,Clean Title,"http://maps.google.com/maps?q=40.65065383911133,+-73.90048217773438+(10300 Foster Ave)",,,,,
http://govdeals.com,/en/asset/2145/9098,2000.0,2025-08-12T19:00:00Z,3FA6P0G72KR151567,2019,Ford,Fusion SE,9098-2145,"100,882.00 (Accurate?: Yes)",,"Martin, Tennessee, USA",Used/See Description,V1,Government,,"http://maps.google.com/maps?q=36.346208,+-88.860245+(107 Moody Ave)","University of Tennessee at Martin, TN","107 Moody Ave, 124 Johnson EPS Building, 20 Mount Pelia Road, Martin, Tennessee, 38237-2045, USA",Keith Lawrence,+17318817824,klawren9@utm.edu
http://govdeals.com,/en/asset/2148/9098,2275.0,2025-08-12T19:30:00Z,3FA6P0G74KR151571,2019,Ford,Fusion SE,9098-2148,"65,069.00 (Accurate?: Yes)",,"Martin, Tennessee, USA",Used/See Description,V4,Government,,"http://maps.google.com/maps?q=36.346208,+-88.860245+(107 Moody Ave)","University of Tennessee at Martin, TN","107 Moody Ave, 124 Johnson EPS Building, 20 Mount Pelia Road, Martin, Tennessee, 38237-2045, USA",Keith Lawrence,+17318817824,klawren9@utm.edu
http://govdeals.com,/en/asset/1034/3898,5000.0,2025-08-11T22:19:00Z,3FA6P0UU0GR264600,2016,Ford,Fusion Hybrid,3898-1034,"81,406.00 (Accurate?: Yes)",,"Salinas, California, USA",Used/See Description,3498,Government,,"http://maps.google.com/maps?q=36.69446,+-121.629791+(855 E Laurel Dr)","County of Monterey, CA","855 E Laurel Dr, , Salinas, California, 93905-1300, USA",,,
http://govdeals.com,/en/asset/12162/6897,100.0,2025-08-17T23:20:00Z,3FA6P0G76DR280088,2013,Ford,Fusion,6897-12162,"153,822.00 (Accurate?: )",,"Frankfort, Kentucky, USA",Used/See Description,5340,Government,Yes: Salvage Title,"http://maps.google.com/maps?q=38.200721740722656,+-84.86644744873047+(513 Barrett St)",Commonwealth of Kentucky,"513 Barrett St, Frankfort, Kentucky, 40601, USA",Joe Craig,+15025647128,joe.craig@ky.gov
http://govdeals.com,/en/asset/2164/9098,2000.0,2025-08-19T19:20:00Z,3FA6P0H74HR326375,2017,Ford,Fusion SE,9098-2164,"120,649.00 (Accurate?: Yes)",,"Martin, Tennessee, USA",Used/See Description,V8,Government,,"http://maps.google.com/maps?q=36.346208,+-88.860245+(107 Moody Ave)","University of Tennessee at Martin, TN","107 Moody Ave, 124 Johnson EPS Building, 20 Mount Pelia Road, Martin, Tennessee, 38237-2045, USA",Keith Lawrence,+17318817824,klawren9@utm.edu
http://govdeals.com,/en/asset/172/27849,4000.0,2025-08-14T15:38:00Z,3FA6P0HR2DR161289,2013,Ford,Fusion,27849-172,"129,612.00 (Accurate?: Yes)",,"Boynton Beach, Florida, USA",Used/See Description,16091,Commercial,Clean Title,"http://maps.google.com/maps?q=26.532708,+-80.057833+(724 N Federal Hwy)",,"724 N Federal Hwy, Boynton Beach, Florida, 33435-3910, USA",,,
http://govdeals.com,/en/asset/17701/10337,3150.0,2025-08-12T21:05:00Z,3FA6P0H75KR284936,2019,Ford,Fusion,10337-17701,"109,789.00 (Accurate?: Yes)",,"Columbus, Ohio, USA",Used/See Description,26V287922/B-20,Government,Clean Title,"http://maps.google.com/maps?q=39.95633,+-83.115778+(4200 Surface Rd)","State of Ohio, OH","4200 Surface Rd, Columbus, Ohio, 43228-1313, USA",,,
http://govdeals.com,/en/asset/41179/8445,1000.0,2025-08-13T02:15:00Z,3FA6P0G79DR380525,2013,Ford,Fusion,8445-41179,"123,542.00 (Accurate?: Yes)",,"Tumwater, Washington, USA",Used/See Description,25-2160,Government,Clean Title,"http://maps.google.com/maps?q=46.980812,+-122.911591+(7511 New Market St SW)","State of Washington Surplus Operations, WA","7511 New Market St SW, [Only by Appointment], Tumwater, Washington, 98501-5701, USA",,,
http://govdeals.com,/en/asset/31/28680,600.0,2025-08-12T00:41:00Z,3FA6P0HD7GR322891,2016,Ford,Fusion,28680-31,"133,724.00 (Accurate?: Yes)",,"Houston, Texas, USA",Used/See Description,202528,Commercial,,"http://maps.google.com/maps?q=29.8591,+-95.3838+(6203 Airline Dr)",,"6203 Airline Dr, Suite A, Houston, Texas, 77076-3546, USA",,,
http://govdeals.com,/en/asset/17754/10337,200.0,2025-08-19T21:20:00Z,3FA6P0G78FR131524,2015,Ford,Fusion,10337-17754,"125,452.00 (Accurate?: Yes)",,"Columbus, Ohio, USA",Used/See Description,26V288355/D-05,Government,Clean Title,"http://maps.google.com/maps?q=39.95633,+-83.115778+(4200 Surface Rd)","State of Ohio, OH","4200 Surface Rd, Columbus, Ohio, 43228-1313, USA",,,
http://govdeals.com,/en/asset/17639/10337,1075.0,2025-08-12T20:00:00Z,3FA6P0G75HR318741,2017,Ford,Fusion,10337-17639,"75,704.00 (Accurate?: Yes)",,"Camden, Ohio, USA",Used/See Description,26V287873/HW-1,Government,Clean Title,"http://maps.google.com/maps?q=39.6255989074707,+-84.63279724121094+(7213 Camden College Corner Rd)","State of Ohio, OH","7213 Camden College Corner Rd, , Camden, Ohio, 45311, USA",,,
http://govdeals.com,/en/asset/15921/7167,650.0,2025-08-16T00:07:00Z,3FA6P0G72JR143614,2018,Ford,Fusion,7167-15921,"129,699.00 (Accurate?: Yes)",,"Doral, Florida, USA",Used/See Description,5544A,Government,,"http://maps.google.com/maps?q=25.826218,+-80.340668+(8801 NW 58th St)","Miami-Dade County, FL","8801 NW 58th St, Entrance Is on 87th Avenue, Doral, Florida, 33178-1603, USA",,,
http://govdeals.com,/en/asset/17690/10337,625.0,2025-08-12T20:10:00Z,3FA6P0G76HR202044,2017,Ford,Fusion,10337-17690,"40,700.00 (Accurate?: Yes)",,"Columbus, Ohio, USA",Used/See Description,26V287997/A-07,Government,Clean Title,"http://maps.google.com/maps?q=39.95633,+-83.115778+(4200 Surface Rd)","State of Ohio, OH","4200 Surface Rd, Columbus, Ohio, 43228-1313, USA",,,
http://govdeals.com,/en/asset/700/1632,1000.0,2025-08-28T19:51:00Z,3FAHP0HA8BR237338,2011,Ford,Fusion,1632-700,"211,097.00 (Accurate?: Yes)",,"Plantation, Florida, USA",Used/See Description,00646,Government,Clean Title,"http://maps.google.com/maps?q=26.128201,+-80.269871+(750 NW 91st Ave)",,"750 NW 91st Ave, , Plantation, Florida, 33324-6292, USA",Valerie Jean-Francois,+19544147841,VJeanFrancois@plantation.org
http://govdeals.com,/en/asset/9148/5859,1525.0,2025-08-12T01:45:00Z,3FAHP0HAXBR191270,2011,Ford,Fusion,5859-9148,"126,822.00 (Accurate?: Yes)",,"Salem, Oregon, USA",Used/See Description,281271,Government,Clean Title,"http://maps.google.com/maps?q=44.971538,+-123.011183+(1655 Salem Industrial Dr NE)",State of Oregon,"1655 Salem Industrial Dr NE, Salem, Oregon, 97301-0375, USA",,,
http://govdeals.com,/en/asset/17741/10337,370.0,2025-08-19T20:15:00Z,1FA6P0G76G5116122,2016,Ford,Fusion,10337-17741,"76,305.00 (Accurate?: Yes)",,"Columbus, Ohio, USA",Used/See Description,26V288295/B-04,Government,Clean Title,"http://maps.google.com/maps?q=39.95633,+-83.115778+(4200 Surface Rd)","State of Ohio, OH","4200 Surface Rd, Columbus, Ohio, 43228-1313, USA",,,
http://govdeals.com,/en/asset/1289/2291,100.0,2025-08-21T12:05:00Z,3FAHP0HA5AR230622,2010,Ford,Fusion,2291-1289,"168,519.00 (Accurate?: Unknown)",,"Statesville, North Carolina, USA",Used/See Description,6049-8831,Government,,"http://maps.google.com/maps?q=35.781078,+-80.908543+(140 S Oakland Ave)",,"140 S Oakland Ave, , Statesville, North Carolina, 28677-5047, USA",Jimmy Calvert,+12527060796,jimmy_calvert@iss.k12.nc.us
http://govdeals.com,/en/asset/6244/7529,1125.0,2025-08-11T15:10:00Z,3FAHP07168R261762,2008,Ford,Fusion,7529-6244,"65,511.00 (Accurate?: )",,"Edison, New Jersey, USA",Used/See Description,26040-001,Government,,"http://maps.google.com/maps?f=q&hl=en&q=84 Warehouse Rd,+Edison,+NJ+08817",,"84 Warehouse Rd, Edison, New Jersey, 08817, USA",,,
http://govdeals.com,/en/asset/9166/5859,240.0,2025-08-14T02:00:00Z,3FAHP0HA1CR275463,2012,Ford,Fusion,5859-9166,"133,764.00 (Accurate?: Yes)",,"Salem, Oregon, USA",Used/See Description,281273,Government,Clean Title,"http://maps.google.com/maps?q=44.971538,+-123.011183+(1655 Salem Industrial Dr NE)",State of Oregon,"1655 Salem Industrial Dr NE, Salem, Oregon, 97301-0375, USA",,,
http://govdeals.com,/en/asset/24/27714,2650.0,2025-08-14T17:00:00Z,3FA6P0G7XHR259489,2017,Ford,Fusion,27714-24,"86,280.00 (Accurate?: Yes)",,"Waterford, Michigan, USA",Used/See Description,,Government,,"http://maps.google.com/maps?q=42.669704,+-83.390468+(5200 Civic Center Dr)","Waterford Township, MI","5200 Civic Center Dr, Waterford, Michigan, 48329-3715, USA",,,
http://govdeals.com,/en/asset/4679/19,975.0,2025-08-19T23:55:00Z,1FA6P0G78E5377801,2014,Ford,Fusion,19-4679,"84,935.00 (Accurate?: Yes)",,"Chesterfield, Virginia, USA",Used/See Description,14582,Government,Clean Title,"http://maps.google.com/maps?q=37.38041305541992,+-77.50691223144531+(9700 Lori Ln)","Chesterfield County, VA","9700 Lori Ln, , Chesterfield, Virginia, 23832, USA",,,
http://govdeals.com,/en/asset/60/28680,500.0,2025-08-15T12:31:00Z,3FA6P0H71GR285413,2016,Ford,Fusion,28680-60,"145,164.00 (Accurate?: Yes)",,"Houston, Texas, USA",Used/See Description,202556,Commercial,,"http://maps.google.com/maps?q=29.8591,+-95.3838+(6203 Airline Dr)",,"6203 Airline Dr, Suite A, Houston, Texas, 77076-3546, USA",,,
http://govdeals.com,/en/asset/604/28146,250.0,2025-08-14T23:14:00Z,3FA6P0LU1ER318825,2014,Ford,Fusion Hybrid,28146-604,"57,598.00 (Accurate?: Yes)",,"Brooklyn, New York, USA",Used/See Description,318825,,Clean Title,"http://maps.google.com/maps?q=40.65065383911133,+-73.90048217773438+(10300 Foster Ave)",,,,,
http://govdeals.com,/en/asset/654/28146,1225.0,2025-08-14T23:00:00Z,3FA6P0LU2ER318817,2014,Ford,Fusion Hybrid,28146-654,"55,033.00 (Accurate?: Yes)",,"Brooklyn, New York, USA",Used/See Description,318817,,Clean Title,"http://maps.google.com/maps?q=40.65065383911133,+-73.90048217773438+(10300 Foster Ave)",,,,,
http://govdeals.com,/en/asset/17742/10337,725.0,2025-08-19T20:20:00Z,3FA6P0G78JR220597,2018,Ford,Fusion,10337-17742,"82,646.00 (Accurate?: Yes)",,"Columbus, Ohio, USA",Used/See Description,26V288296/B-05,Government,Clean Title,"http://maps.google.com/maps?q=39.95633,+-83.115778+(4200 Surface Rd)","State of Ohio, OH","4200 Surface Rd, Columbus, Ohio, 43228-1313, USA",,,
http://govdeals.com,/en/asset/675/28146,310.0,2025-08-14T23:00:00Z,3FADP0L33CR399872,2012,Ford,Fusion Hybrid,28146-675,"49,279.00 (Accurate?: Yes)",,"Flushing, New York, USA",Used/See Description,399872,,Clean Title,"http://maps.google.com/maps?q=40.76771545410156,+-73.8453140258789+(3189 123rd St)",,,,,
http://govdeals.com,/en/asset/1093/294,875.0,2025-08-11T18:15:00Z,3FAHP0HG7CR212971,2012,Ford,Fusion,294-1093,"105,452.00 (Accurate?: Yes)",,"Savannah, Georgia, USA",Used/See Description,1725-,Government,Clean Title,"http://maps.google.com/maps?q=32.00551,+-81.09978+(1117 Eisenhower Dr)",,"1117 Eisenhower Dr, Suite C, Savannah, Georgia, 31406-3930, USA",Felix Espada,+19127901624,fespada@chathamcounty.org
http://govdeals.com,/en/asset/2165/9098,2500.0,2025-08-19T19:30:00Z,3FA6P0G76JR194503,2018,Ford,Fusion SE,9098-2165,"99,889.00 (Accurate?: Yes)",,"Martin, Tennessee, USA",Used/See Description,V9,Government,,"http://maps.google.com/maps?q=36.346208,+-88.860245+(107 Moody Ave)","University of Tennessee at Martin, TN","107 Moody Ave, 124 Johnson EPS Building, 20 Mount Pelia Road, Martin, Tennessee, 38237-2045, USA",Keith Lawrence,+17318817824,klawren9@utm.edu
http://govdeals.com,/en/asset/1510/26960,2895.0,2025-08-12T00:02:00Z,3FAHP0JA3CR253717,2012,Ford,Fusion,26960-1510,"123,282.00 (Accurate?: Yes)",,"Jacksonville, Florida, USA",Used/See Description,,Commercial,Clean Title,"http://maps.google.com/maps?q=30.29669952392578,+-81.610595703125+(5321 Fairmont St)",,"5321 Fairmont St, Jacksonville, Florida, 32207, USA",,,
http://govdeals.com,/en/asset/2147/9098,5050.0,2025-08-12T19:20:00Z,3FA6P0G74KR151568,2019,Ford,Fusion SE,9098-2147,"82,893.00 (Accurate?: )",,"Martin, Tennessee, USA",Used/See Description,V3,Government,,"http://maps.google.com/maps?q=36.346208,+-88.860245+(107 Moody Ave)","University of Tennessee at Martin, TN","107 Moody Ave, 124 Johnson EPS Building, 20 Mount Pelia Road, Martin, Tennessee, 38237-2045, USA",Keith Lawrence,+17318817824,klawren9@utm.edu
http://govdeals.com,/en/asset/17709/10337,4975.0,2025-08-12T21:45:00Z,1FA6P0G74G5116121,2016,Ford,Fusion,10337-17709,"68,528.00 (Accurate?: Yes)",,"Columbus, Ohio, USA",Used/See Description,26V287883/C-21,Government,Clean Title,"http://maps.google.com/maps?q=39.95633,+-83.115778+(4200 Surface Rd)","State of Ohio, OH","4200 Surface Rd, Columbus, Ohio, 43228-1313, USA",,,
http://govdeals.com,/en/asset/17740/10337,525.0,2025-08-19T20:10:00Z,3FA6P0H74KR278139,2019,Ford,Fusion,10337-17740,"97,368.00 (Accurate?: Yes)",,"Columbus, Ohio, USA",Used/See Description,26V288335/A-13,Government,Clean Title,"http://maps.google.com/maps?q=39.95633,+-83.115778+(4200 Surface Rd)","State of Ohio, OH","4200 Surface Rd, Columbus, Ohio, 43228-1313, USA",,,
http://govdeals.com,/en/asset/688/28146,260.0,2025-08-14T23:00:00Z,3FA6P0LU3ER318812,2014,Ford,Fusion Hybrid,28146-688,"80,999.00 (Accurate?: Yes)",,"New York, New York, USA",Used/See Description,318812,,Clean Title,"http://maps.google.com/maps?f=q&hl=en&q=7 Wards Island,+New York,+NY+10035",,,,,
http://govdeals.com,/en/asset/50112/226,5100.0,2025-08-15T20:02:00Z,3FA6P0G72KR239213,2019,Ford,Fusion,226-50112,"9,834.00 (Accurate?: Yes)",,"Midlothian, Virginia, USA",Used/See Description,,Government,,"http://maps.google.com/maps?q=37.485591,+-77.662584+(800 Charter Colony Pkwy)",,"800 Charter Colony Pkwy, Midlothian, Virginia, 23114-4383, USA",Roy Robinson,+18047065058,rrobinson01@brightpoint.edu
http://govdeals.com,/en/asset/17736/10337,576.0,2025-08-12T21:00:00Z,1FA6P0G75G5112868,2016,Ford,Fusion,10337-17736,"96,453.00 (Accurate?: Yes)",,"Medina, Ohio, USA",Used/See Description,26V288525/M-01,Government,Clean Title,"http://maps.google.com/maps?q=41.12740707397461,+-81.890380859375+(555 Independence Dr)","State of Ohio, OH","555 Independence Dr, , Medina, Ohio, 44256, USA",,,
http://govdeals.com,/en/asset/98/27343,3000.0,2025-08-11T00:05:00Z,3FA6P0H94GR349851,2011,FORD,FUSION SE,27343-98,"157,227.00 (Accurate?: Yes)",,"Ringgold, Georgia, USA",Used/See Description,10790,Commercial,Clean Title,"http://maps.google.com/maps?q=34.931179,+-85.13474+(5839 Highway 41)",,"5839 Highway 41, Ringgold, Georgia, 30736-2632, USA",,,
http://govdeals.com,/en/asset/17761/10337,320.0,2025-08-19T21:55:00Z,3FA6P0H76LR217649,2020,Ford,Fusion,10337-17761,"112,077.00 (Accurate?: Yes)",,"Columbus, Ohio, USA",Used/See Description,26V288339/D-24,Government,Clean Title,"http://maps.google.com/maps?q=39.95633,+-83.115778+(4200 Surface Rd)","State of Ohio, OH","4200 Surface Rd, Columbus, Ohio, 43228-1313, USA",,,
http://govdeals.com,/en/asset/6243/7529,1625.0,2025-08-11T14:12:00Z,3FAHP0HG5CR305195,2012,Ford,Fusion,7529-6243,"45,337.00 (Accurate?: Yes)",,"Edison, New Jersey, USA",Used/See Description,26432-001,Government,Clean Title,"http://maps.google.com/maps?f=q&hl=en&q=84 Warehouse Rd,+Edison,+NJ+08817",,"84 Warehouse Rd, Edison, New Jersey, 08817, USA",,,
http://govdeals.com,/en/asset/602/28146,1525.0,2025-08-14T23:15:00Z,3FA6P0LU0ER318816,2014,Ford,Fusion Hybrid,28146-602,"62,939.00 (Accurate?: Yes)",,"Brooklyn, New York, USA",Used/See Description,318816,,Clean Title,"http://maps.google.com/maps?q=40.65065383911133,+-73.90048217773438+(10300 Foster Ave)",,,,,
http://govdeals.com,/en/asset/535/25530,4550.0,2025-08-12T01:00:00Z,3FA6P0G7XGR147404,2016,Ford,Fusion,25530-535,"41,945.00 (Accurate?: )",,"Montclair, California, USA",Used/See Description,G22006-16 dc,Government,Clean Title,"http://maps.google.com/maps?q=34.05647277832031,+-117.69495391845703+(5010 W Mission Blvd)","San Diego County Fleet Services, CA","5010 W Mission Blvd, , Montclair, California, 91762, USA",,,
http://govdeals.com,/en/asset/4669/19,1175.0,2025-08-20T00:30:00Z,3FAHP0GA1BR322328,2011,Ford,Fusion,19-4669,"63,116.00 (Accurate?: Yes)",,"Chesterfield, Virginia, USA",Used/See Description,11209,Government,Clean Title,"http://maps.google.com/maps?q=37.38041305541992,+-77.50691223144531+(9700 Lori Ln)","Chesterfield County, VA","9700 Lori Ln, , Chesterfield, Virginia, 23832, USA",,,
http://govdeals.com,/en/asset/12163/6897,100.0,2025-08-17T23:35:00Z,3FA6P0G76HR382674,2017,Ford,Fusion,6897-12163,"117,742.00 (Accurate?: )",,"Frankfort, Kentucky, USA",Used/See Description,5341,Government,Yes: Salvage Title,"http://maps.google.com/maps?q=38.200721740722656,+-84.86644744873047+(513 Barrett St)",Commonwealth of Kentucky,"513 Barrett St, Frankfort, Kentucky, 40601, USA",Joe Craig,+15025647128,joe.craig@ky.gov
http://govdeals.com,/en/asset/2146/9098,1050.0,2025-08-12T19:10:00Z,3FA6P0G7XKR151574,2019,Ford,Fusion SE,9098-2146,"103,917.00 (Accurate?: Yes)",,"Martin, Tennessee, USA",Used/See Description,V2,Government,,"http://maps.google.com/maps?q=36.346208,+-88.860245+(107 Moody Ave)","University of Tennessee at Martin, TN","107 Moody Ave, 124 Johnson EPS Building, 20 Mount Pelia Road, Martin, Tennessee, 38237-2045, USA",Keith Lawrence,+17318817824,klawren9@utm.edu
http://govdeals.com,/en/asset/711/28146,2025.0,2025-08-14T23:00:00Z,3FA6P0AU8KR209471,2019,Ford,Fusion Hybrid,28146-711,"93,224.00 (Accurate?: Yes)",,"New York, New York, USA",Used/See Description,209471,,Clean Title,"http://maps.google.com/maps?f=q&hl=en&q=7 Wards Island,+New York,+NY+10035",,,,,
http://govdeals.com,/en/asset/41176/8445,2275.0,2025-08-13T02:59:00Z,3FA6P0G78ER367900,2014,Ford,Fusion,8445-41176,"124,019.00 (Accurate?: Yes)",,"Tumwater, Washington, USA",Used/See Description,25-2159,Government,Clean Title,"http://maps.google.com/maps?q=46.980812,+-122.911591+(7511 New Market St SW)","State of Washington Surplus Operations, WA","7511 New Market St SW, [Only by Appointment], Tumwater, Washington, 98501-5701, USA",,,
http://govdeals.com,/en/asset/229/3274,625.09,2025-08-21T19:30:00Z,3FA6P0G7XDR255954,2013,Ford,Fusion,3274-229,"96,510.00 (Accurate?: Yes)",,"Alexander City, Alabama, USA",Used/See Description,0037,Government,,"http://maps.google.com/maps?q=32.9345703125,+-85.96192932128906+(135 Garage Street)","Alexander City, AL","135 Garage Street, Alexander City, Alabama, 35010, USA",Sasha Stewart,+12564092006,sasha.stewart@alexandercityal.gov
http://govdeals.com,/en/asset/672/28146,875.0,2025-08-14T23:00:00Z,3FA6P0LU0ER381172,2014,Ford,Fusion Hybrid,28146-672,"53,821.00 (Accurate?: Yes)",,"Flushing, New York, USA",Used/See Description,381172,,Clean Title,"http://maps.google.com/maps?q=40.76771545410156,+-73.8453140258789+(3189 123rd St)",,,,,
http://govdeals.com,/en/asset/48064/357,280.49,2025-08-14T00:30:00Z,3FAHP0HA8AR108076,2010,Ford,Fusion,357-48064,"130,106.00 (Accurate?: )",,"Dublin, Georgia, USA",Used/See Description,204764 NB,Government,Clean Title,"http://maps.google.com/maps?q=32.531064,+-82.943031+(110 Russell Dr)",State of Georgia,"110 Russell Dr, , Dublin, Georgia, 31021-2912, USA",Department of Administrative Services Surplus Property,+14046578544,publicsurplussales@doas.ga.gov
http://govdeals.com,/en/asset/617/24331,1000.0,2025-08-12T17:09:00Z,3FAHP07Z09R142550,2009,Ford,Fusion,24331-617,"92,991.00 (Accurate?: Yes)",,"Chantilly, Virginia, USA",Used/See Description,,Commercial,Clean Title,"http://maps.google.com/maps?q=38.89237594604492,+-77.43500518798828+(14100 Parke Long Ct)","Auto Depot, Inc. - Government Remarketing, VA","14100 Parke Long Ct, , Chantilly, Virginia, 20151, USA",,,
http://govdeals.com,/en/asset/29/28680,1200.0,2025-08-12T00:32:00Z,3FA6P0HD3GR151881,2016,Ford,Fusion,28680-29,"157,609.00 (Accurate?: )",,"Houston, Texas, USA",Used/See Description,202526,Commercial,,"http://maps.google.com/maps?q=29.8591,+-95.3838+(6203 Airline Dr)",,"6203 Airline Dr, Suite A, Houston, Texas, 77076-3546, USA",,,
http://govdeals.com,/en/asset/17753/10337,2525.0,2025-08-19T21:15:00Z,3FA6P0G72JR220627,2018,Ford,Fusion,10337-17753,"95,726.00 (Accurate?: Yes)",,"Columbus, Ohio, USA",Used/See Description,26V288354/D-03,Government,Clean Title,"http://maps.google.com/maps?q=39.95633,+-83.115778+(4200 Surface Rd)","State of Ohio, OH","4200 Surface Rd, Columbus, Ohio, 43228-1313, USA",,,
http://govdeals.com,/en/asset/17738/10337,501.0,2025-08-19T20:00:00Z,3FA6P0G74HR318732,2017,Ford,Fusion,10337-17738,"118,451.00 (Accurate?: Yes)",,"Columbus, Ohio, USA",Used/See Description,26V288258/A-02,Government,Clean Title,"http://maps.google.com/maps?q=39.95633,+-83.115778+(4200 Surface Rd)","State of Ohio, OH","4200 Surface Rd, Columbus, Ohio, 43228-1313, USA",,,
http://govdeals.com,/en/asset/17758/10337,926.0,2025-08-19T21:40:00Z,3FA6P0G78JR220616,2018,Ford,Fusion,10337-17758,"122,954.00 (Accurate?: Yes)",,"Columbus, Ohio, USA",Used/See Description,26V288336/D-18,Government,Clean Title,"http://maps.google.com/maps?q=39.95633,+-83.115778+(4200 Surface Rd)","State of Ohio, OH","4200 Surface Rd, Columbus, Ohio, 43228-1313, USA",,,
http://govdeals.com,/en/asset/36888/782,560.0,2025-08-16T17:00:00Z,3FAHP0GA9CR225816,2012,Ford,Fusion,782-36888,"170,727.00 (Accurate?: Yes)",,"Baton Rouge, Louisiana, USA",Used/See Description,A18,Government,Clean Title,"http://maps.google.com/maps?q=30.43772,+-91.18834+(1059 Brickyard Ln)",,"1059 Brickyard Ln, , Baton Rouge, Louisiana, 70802-8002, USA",Courtney Coleman,+12253426854,Courtney.Coleman@la.gov
http://govdeals.com,/en/asset/36814/782,2500.0,2025-08-16T21:30:00Z,3FA6P0G79ER331746,2014,Ford,Fusion,782-36814,"34,236.00 (Accurate?: Yes)",,"Baton Rouge, Louisiana, USA",Used/See Description,A4,Government,Clean Title,"http://maps.google.com/maps?q=30.43772,+-91.18834+(1059 Brickyard Ln)",,"1059 Brickyard Ln, , Baton Rouge, Louisiana, 70802-8002, USA",Courtney Coleman,+12253426854,Courtney.Coleman@la.gov
http://govdeals.com,/en/asset/171/28146,360.0,2025-08-14T23:00:00Z,3FA6P0PU7HR280998,2017,Ford,Fusion Energi,28146-171,"79,862.00 (Accurate?: Yes)",,"New York, New York, USA",Used/See Description,280998,,Clean Title,"http://maps.google.com/maps?q=40.705078125,+-74.01179504394531+(33 Beaver St)",,,,,
http://govdeals.com,/en/asset/1301/576,1000.0,2025-08-21T13:51:00Z,3FAHP0GA1AR105506,2010,Ford,Fusion,576-1301,"98,208.00 (Accurate?: Unknown)",,"Wilson, North Carolina, USA",Used/See Description,17603,Government,,"http://maps.google.com/maps?q=35.733603,+-77.884759+(1800 Herring Ave E)",,"1800 Herring Ave E, , Wilson, North Carolina, 27893-6727, USA",Maricela Woolard,+12523992407,mwoolard@wilsonnc.org
http://govdeals.com,/en/asset/9182/5859,200.0,2025-08-19T01:30:00Z,3FAHP0HA9CR275453,2012,Ford,Fusion,5859-9182,"134,912.00 (Accurate?: Yes)",,"Salem, Oregon, USA",Used/See Description,281719,Government,Clean Title,"http://maps.google.com/maps?q=44.971538,+-123.011183+(1655 Salem Industrial Dr NE)",State of Oregon,"1655 Salem Industrial Dr NE, Salem, Oregon, 97301-0375, USA",,,
http://govdeals.com,/en/asset/326/11929,2000.0,2025-08-18T22:30:00Z,3FAHP0HG7BR275504,2011,Ford,Fusion,11929-326,"59,108.00 (Accurate?: )",,"Stuart, Florida, USA",Used/See Description,3346,Government,Clean Title,"http://maps.google.com/maps?q=27.192792,+-80.239879+(830 SE Martin Luther King Jr Blvd)",,"830 SE Martin Luther King Jr Blvd, , Stuart, Florida, 34994-2408, USA",Danielle Smith,+17722871122,dmsmith@ci.stuart.fl.us
http://govdeals.com,/en/asset/390/26468,300.0,2025-08-12T23:45:00Z,3FADP0L32CR247744,2012,Ford,Fusion Hybrid,26468-390,"170,900.00 (Accurate?: Yes)",,"Sacramento, California, USA",Used/See Description,,Commercial,Clean Title,"http://maps.google.com/maps?f=q&hl=en&q=Call for Address Sacramento ,+Sacramento,+CA+95823",,"Call for Address Sacramento , Sacramento, California, 95823, USA",,,
http://govdeals.com,/en/asset/50140/226,300.0,2025-08-22T15:38:00Z,3FADP0L30AR295417,2010,Ford,Fusion Hybrid,226-50140,"167,000.00 (Accurate?: Yes)",,"Annandale, Virginia, USA",Used/See Description,S1459,Government,Yes: No Title,"http://maps.google.com/maps?q=38.836358,+-77.23569+(8333 Little River Tpke)",,"8333 Little River Tpke, NOVA - Annandale, Annandale, Virginia, 22003-3743, USA",Kraig Burgess,+14133880077,Kburgess@nvcc.edu
http://govdeals.com,/en/asset/9187/5859,260.0,2025-08-20T00:45:00Z,3FA6P0G72ER179289,2014,Ford,Fusion,5859-9187,"109,211.00 (Accurate?: Yes)",,"Salem, Oregon, USA",Used/See Description,281721,Government,Clean Title,"http://maps.google.com/maps?q=44.971538,+-123.011183+(1655 Salem Industrial Dr NE)",State of Oregon,"1655 Salem Industrial Dr NE, Salem, Oregon, 97301-0375, USA",,,
http://govdeals.com,/en/asset/327/11929,2000.0,2025-08-19T22:30:00Z,3FAHP0HG0BR275425,2011,Ford,Fusion,11929-327,"52,939.00 (Accurate?: Yes)",,"Stuart, Florida, USA",Used/See Description,3392,Government,Clean Title,"http://maps.google.com/maps?q=27.192792,+-80.239879+(830 SE Martin Luther King Jr Blvd)",,"830 SE Martin Luther King Jr Blvd, , Stuart, Florida, 34994-2408, USA",Danielle Smith,+17722871122,dmsmith@ci.stuart.fl.us
http://govdeals.com,/en/asset/9192/5859,260.0,2025-08-20T02:00:00Z,1FA6P0G72E5373145,2014,Ford,Fusion,5859-9192,"125,267.00 (Accurate?: Yes)",,"Salem, Oregon, USA",Used/See Description,281722,Government,Clean Title,"http://maps.google.com/maps?q=44.971538,+-123.011183+(1655 Salem Industrial Dr NE)",State of Oregon,"1655 Salem Industrial Dr NE, Salem, Oregon, 97301-0375, USA",,,
http://govdeals.com,/en/asset/17833/10337,200.0,2025-08-26T20:00:00Z,3FA6P0G72HR318759,2017,Ford,Fusion,10337-17833,"57,671.00 (Accurate?: Yes)",,"Columbus, Ohio, USA",Used/See Description,26V289047/A-03,Government,Clean Title,"http://maps.google.com/maps?q=39.95633,+-83.115778+(4200 Surface Rd)","State of Ohio, OH","4200 Surface Rd, Columbus, Ohio, 43228-1313, USA",,,
http://govdeals.com,/en/asset/17836/10337,200.0,2025-08-26T20:15:00Z,3FA6P0G75JR220590,2018,Ford,Fusion,10337-17836,"131,367.00 (Accurate?: Yes)",,"Columbus, Ohio, USA",Used/See Description,26V288637/A-16,Government,Clean Title,"http://maps.google.com/maps?q=39.95633,+-83.115778+(4200 Surface Rd)","State of Ohio, OH","4200 Surface Rd, Columbus, Ohio, 43228-1313, USA",,,
http://govdeals.com,/en/asset/17843/10337,200.0,2025-08-26T20:50:00Z,1FA6P0G74F5130891,2015,Ford,Fusion,10337-17843,"75,860.00 (Accurate?: Yes)",,"Columbus, Ohio, USA",Used/See Description,26V289209/B-28,Government,Clean Title,"http://maps.google.com/maps?q=39.95633,+-83.115778+(4200 Surface Rd)","State of Ohio, OH","4200 Surface Rd, Columbus, Ohio, 43228-1313, USA",,,
http://govdeals.com,/en/asset/17842/10337,200.0,2025-08-26T20:45:00Z,3FA6P0G74HR123228,2017,Ford,Fusion,10337-17842,"123,415.00 (Accurate?: Yes)",,"Columbus, Ohio, USA",Used/See Description,26V289208/B-21,Government,Clean Title,"http://maps.google.com/maps?q=39.95633,+-83.115778+(4200 Surface Rd)","State of Ohio, OH","4200 Surface Rd, Columbus, Ohio, 43228-1313, USA",,,
http://govdeals.com,/en/asset/17834/10337,200.0,2025-08-26T20:05:00Z,3FA6P0G73JR220555,2018,Ford,Fusion,10337-17834,"123,322.00 (Accurate?: Yes)",,"Columbus, Ohio, USA",Used/See Description,26V288635/A-10,Government,Clean Title,"http://maps.google.com/maps?q=39.95633,+-83.115778+(4200 Surface Rd)","State of Ohio, OH","4200 Surface Rd, Columbus, Ohio, 43228-1313, USA",,,
http://govdeals.com,/en/asset/79/1777,300.0,2025-08-19T20:00:00Z,3FAHP07Z78R246712,2008,Ford,Fusion,1777-79,,,"Mount Laurel, New Jersey, USA",Used/See Description,,Government,Clean Title,"http://maps.google.com/maps?q=39.985185,+-74.888506+(200 Pike Rd)",,"200 Pike Rd, Mount Laurel, New Jersey, 08054-9755, USA",,,
http://govdeals.com,/en/asset/17550/10337,3650.0,2025-08-19T19:00:00Z,3FA6P0G7XJR220584,2018,Ford,Fusion,10337-17550,"106,569.00 (Accurate?: Yes)",,"Columbus, Ohio, USA",Used/See Description,25V286314/A-14,Government,Clean Title,"http://maps.google.com/maps?q=39.95633,+-83.115778+(4200 Surface Rd)","State of Ohio, OH","4200 Surface Rd, Columbus, Ohio, 43228-1313, USA",,,
http://govdeals.com,/en/asset/12/22111,500.0,2025-08-22T19:10:00Z,3FAHP06ZX8R136416,2008,Ford,Fusion,22111-12,,,"Suffolk, Virginia, USA",Used/See Description,8596,Government,Clean Title,"http://maps.google.com/maps?q=36.895862,+-76.435125+(7025 Harbour View Blvd)",,"7025 Harbour View Blvd, Suffolk, Virginia, 23435-2761, USA",,,
http://govdeals.com,/en/asset/9195/5859,200.0,2025-08-21T01:15:00Z,3FA6P0G73FR235998,2015,Ford,Fusion,5859-9195,"103,523.00 (Accurate?: Yes)",,"Salem, Oregon, USA",Used/See Description,281723,Government,Clean Title,"http://maps.google.com/maps?q=44.971538,+-123.011183+(1655 Salem Industrial Dr NE)",State of Oregon,"1655 Salem Industrial Dr NE, Salem, Oregon, 97301-0375, USA",,,
http://govdeals.com,/en/asset/1744/2753,100.0,2025-08-21T21:35:00Z,3FAHP0JA8CR329044,2012,Ford,Fusion,2753-1744,"216,123.00 (Accurate?: Unknown)",,"Shepherdsville, Kentucky, USA",Used/See Description,D2-9044,Government,,"http://maps.google.com/maps?q=37.987523,+-85.716713+(300 S Buckman St)","Bullitt County Sheriff's Office, KY","300 S Buckman St, Shepherdsville, Kentucky, 40165-6017, USA",Bullitt County Sheriffs Office,+15025432514,bcsogovdeal@bcky.org
http://govdeals.com,/en/asset/198/26514,100.0,2025-08-24T23:45:00Z,3FAHP0HA3BR192230,2011,Ford,Fusion,26514-198,,,"Grantville, Pennsylvania, USA",Used/See Description,,Commercial,Clean Title,"http://maps.google.com/maps?q=40.371714,+-76.649666+(9889 Allentown Blvd)",,"9889 Allentown Blvd, Grantville, Pennsylvania, 17028-8706, USA",,,
http://govdeals.com,/en/asset/2803/8028,2044.0,2025-08-22T01:15:00Z,3FA6P0G70JR117660,2018,FORD,Fusion,8028-2803,"67,936.00 (Accurate?: )",,"Montclair, California, USA",Used/See Description,1687-CW,Government,,"http://maps.google.com/maps?q=34.056473,+-117.694954+(5010 W Mission Blvd)","Orange County Vehicles, CA","5010 W Mission Blvd, , Montclair, California, 91762-4539, USA",,,
http://govdeals.com,/en/asset/2798/8028,1125.0,2025-08-22T02:45:00Z,3FA6P0G72GR285003,2016,FORD,Fusion,8028-2798,"88,939.00 (Accurate?: )",,"Montclair, California, USA",Used/See Description,1583-DC/CW,Government,,"http://maps.google.com/maps?q=34.056473,+-117.694954+(5010 W Mission Blvd)","Orange County Vehicles, CA","5010 W Mission Blvd, , Montclair, California, 91762-4539, USA",,,
http://govdeals.com,/en/asset/1594/26960,100.0,2025-08-17T23:15:00Z,3FA6P0K99GR187983,2016,Ford,Fusion,26960-1594,"176,474.00 (Accurate?: Yes)",,"Jacksonville, Florida, USA",Used/See Description,,Commercial,Clean Title,"http://maps.google.com/maps?q=30.29669952392578,+-81.610595703125+(5321 Fairmont St)",,"5321 Fairmont St, Jacksonville, Florida, 32207, USA",,,
http://govdeals.com,/en/asset/2797/8028,525.0,2025-08-22T01:45:00Z,3FA6P0G71GR292069,2016,FORD,Fusion,8028-2797,"107,679.00 (Accurate?: )",,"Montclair, California, USA",Used/See Description,1573,Government,,"http://maps.google.com/maps?q=34.056473,+-117.694954+(5010 W Mission Blvd)","Orange County Vehicles, CA","5010 W Mission Blvd, , Montclair, California, 91762-4539, USA",,,
http://govdeals.com,/en/asset/2800/8028,500.0,2025-08-22T01:30:00Z,3FA6P0G76JR117663,2018,FORD,Fusion,8028-2800,"93,670.00 (Accurate?: )",,"Montclair, California, USA",Used/See Description,1596-CW,Government,,"http://maps.google.com/maps?q=34.056473,+-117.694954+(5010 W Mission Blvd)","Orange County Vehicles, CA","5010 W Mission Blvd, , Montclair, California, 91762-4539, USA",,,
http://govdeals.com,/en/asset/2804/8028,2969.0,2025-08-22T01:00:00Z,3FA6P0G75LR134036,2020,FORD,Fusion,8028-2804,"103,020.00 (Accurate?: )",,"Montclair, California, USA",Used/See Description,1840-CW,Government,,"http://maps.google.com/maps?q=34.056473,+-117.694954+(5010 W Mission Blvd)","Orange County Vehicles, CA","5010 W Mission Blvd, , Montclair, California, 91762-4539, USA",,,
http://govdeals.com,/en/asset/10796/2381,200.0,2025-08-18T14:15:00Z,3FA6P0HD2LR233207,2020,Ford,Fusion,2381-10796,"36,599.00 (Accurate?: Unknown)",,"El Paso, Texas, USA",Used/See Description,20214,Government,Clean Title,"http://maps.google.com/maps?q=31.742275,+-106.343621+(7969 San Paulo Dr)",,"7969 San Paulo Dr, , El Paso, Texas, 79907-1246, USA",,,
http://govdeals.com,/en/asset/2794/8028,1225.0,2025-08-22T02:00:00Z,3FA6P0G70FR282793,2015,FORD,Fusion,8028-2794,"84,888.00 (Accurate?: )",,"Montclair, California, USA",Used/See Description,1446-CW,Government,,"http://maps.google.com/maps?q=34.056473,+-117.694954+(5010 W Mission Blvd)","Orange County Vehicles, CA","5010 W Mission Blvd, , Montclair, California, 91762-4539, USA",,,
http://govdeals.com,/en/asset/2802/8028,500.0,2025-08-23T01:00:00Z,3FA6P0G74JR117659,2018,FORD,Fusion,8028-2802,"109,200.00 (Accurate?: )",,"Montclair, California, USA",Used/See Description,1686-CW,Government,,"http://maps.google.com/maps?q=34.056473,+-117.694954+(5010 W Mission Blvd)","Orange County Vehicles, CA","5010 W Mission Blvd, , Montclair, California, 91762-4539, USA",,,
http://govdeals.com,/en/asset/144/10807,525.0,2025-08-29T17:50:00Z,3FA6P0UU7FR199257,2015,Ford,Fusion Hybrid,10807-144,"76,083.00 (Accurate?: Yes)",,"Hermosa Beach, California, USA",Used/See Description,,Government,,"http://maps.google.com/maps?q=33.864035,+-118.395313+(1315 Valley Dr)",,"1315 Valley Dr, Hermosa Beach, California, 90254-3846, USA",,,
http://govdeals.com,/en/asset/15902/7167,2000.0,2025-08-23T00:04:00Z,3FA6P0G76GR398100,2016,Ford,Fusion,7167-15902,"140,357.00 (Accurate?: Yes)",,"Doral, Florida, USA",Used/See Description,4785A,Government,,"http://maps.google.com/maps?q=25.826218,+-80.340668+(8801 NW 58th St)","Miami-Dade County, FL","8801 NW 58th St, Entrance Is on 87th Avenue, Doral, Florida, 33178-1603, USA",,,
http://govdeals.com,/en/asset/15961/7167,2000.0,2025-08-23T00:03:00Z,3FA6P0G75JR156289,2018,Ford,Fusion,7167-15961,"143,016.00 (Accurate?: Yes)",,"Doral, Florida, USA",Used/See Description,5506A,Government,,"http://maps.google.com/maps?q=25.826218,+-80.340668+(8801 NW 58th St)","Miami-Dade County, FL","8801 NW 58th St, Entrance Is on 87th Avenue, Doral, Florida, 33178-1603, USA",,,
http://govdeals.com,/en/asset/228/6549,500.0,2025-08-22T21:00:00Z,1FA6P0G71G5119705,2016,Ford,Fusion,6549-228,"161,270.00 (Accurate?: Yes)",,"Chillicothe, Ohio, USA",Used/See Description,,Government,Clean Title,"http://maps.google.com/maps?q=39.33448,+-83.002548+(475 Western Ave)",,"475 Western Ave, Chillicothe, Ohio, 45601-2286, USA",Joshua Throckmorton,+17407727599,Joshua.Throckmorton@jfs.ohio.gov
http://govdeals.com,/en/asset/3787/26446,500.0,2025-08-22T17:00:00Z,3FAHP0HG8BR268884,2011,Ford,Fusion,26446-3787,"145,986.00 (Accurate?: Unknown)",,"Albany, New York, USA",Used/See Description,111079,Government,,"http://maps.google.com/maps?q=42.68038558959961,+-73.81611633300781+(1220 Washington Ave)",,"1220 Washington Ave, Building 18 - Suite 102, Albany, New York, 12226, USA",,,
http://govdeals.com,/en/asset/557/24037,1599.0,2025-08-22T23:17:00Z,3FA6P0HD0HR336519,2017,Ford,Fusion,24037-557,"141,920.00 (Accurate?: Unknown)",,"Jacksonville, Florida, USA",Used/See Description,477,Commercial,Clean Title,"http://maps.google.com/maps?q=30.325463,+-81.536787+(120 Lee Rd)",,"120 Lee Rd, Jacksonville, Florida, 32225-6515, USA",,,
