SITE_URL,ASSET_URI,CURRENT_BID,CLOSING_DATE_UTC,VIN/SERIAL,YEAR,MAKE/BRAND,MODEL,PHONE,LOCATION,ACCOUNT_TYPE,LOT#,SELLER,ITEM_LOCATION,MAP_URL,ASSET_CONTACT,TITLE_RESTRICTION,INVENTORY_ID,MILES,EMAIL,CONDITION,KILOMETERS
http://govdeals.com,/asset/2/27799,851.0,2024-12-18T14:45:00Z,1FAHP3FNXBW168530,2011,Ford,Focus,,"South Dennis, Massachusetts, USA",Government,27799-2,"Dennis, MA","120 Theophilis Smith Rd, South Dennis, Massachusetts, 02660-3413, USA","http://maps.google.com/maps?q=41.692281,+-70.143374+(120 Theophilis Smith Rd)",,Clean Title,2,"73,931.00 (Accurate?: )",,Used/See Description,
http://govdeals.com,/asset/1230/19236,1050.0,2024-12-18T14:45:00Z,1FAHP3F27CL435339,2012,Ford,Focus,,"Topeka, Kansas, USA",Government,19236-1230,State of Kansas,"2830 SW Kanza Dr, Topeka, Kansas, 66606-2452, USA","http://maps.google.com/maps?q=39.066895,+-95.712891+(2830 SW Kanza Dr)",,Clean Title,S-25-8101,"121,661.00 (Accurate?: Yes)",,Used/See Description,
http://govdeals.com,/asset/1225/19236,1025.0,2024-12-18T14:45:00Z,1FADP3F29EL266023,2014,Ford,Focus,,"Topeka, Kansas, USA",Government,19236-1225,State of Kansas,"2830 SW Kanza Dr, Topeka, Kansas, 66606-2452, USA","http://maps.google.com/maps?q=39.066895,+-95.712891+(2830 SW Kanza Dr)",,Clean Title,S-25-8037,"149,561.00 (Accurate?: Yes)",,Used/See Description,
http://govdeals.com,/asset/1232/19236,3025.0,2024-12-18T14:45:00Z,1FADP3F23EL124508,2014,Ford,Focus,,"Topeka, Kansas, USA",Government,19236-1232,State of Kansas,"2830 SW Kanza Dr, Topeka, Kansas, 66606-2452, USA","http://maps.google.com/maps?q=39.066895,+-95.712891+(2830 SW Kanza Dr)",,Clean Title,S-25-8103,"112,591.00 (Accurate?: Yes)",,Used/See Description,
http://govdeals.com,/asset/329/23002,625.0,2024-12-18T14:45:00Z,1FADP3N23EL422686,2014,Ford,Focus,+19317393271,"Cookeville, Tennessee, USA",Commercial,23002-329,,"2301 Fisk Rd, Cookeville, Tennessee, 38506-5006, USA","http://maps.google.com/maps?q=36.192221,+-85.479396+(2301 Fisk Rd)",Justin Fredrico,Clean Title,,"72,405.00 (Accurate?: Yes)",jturner.das@gmail.com,Used/See Description,
http://govdeals.com,/asset/15348/10337,1010.0,2024-12-18T14:45:00Z,1FAHP34N37W177614,2007,Ford,Focus,,"Columbus, Ohio, USA",Government,10337-15348,"State of Ohio, OH","4200 Surface Rd, Columbus, Ohio, 43228-1313, USA","http://maps.google.com/maps?q=39.95633,+-83.115778+(4200 Surface Rd)",,Clean Title,25V248286/A-02,"84,621.00 (Accurate?: Yes)",,Used/See Description,
http://govdeals.com,/asset/684/20024,701.0,2024-12-18T14:45:00Z,1FAFP34N05W283815,2005,Ford,Focus,,"Santa Fe, New Mexico, USA",Government,20024-684,"State of New Mexico â€“ Storefront, NM","1990 Siringo Rd, Santa Fe, New Mexico, 87505-5441, USA","http://maps.google.com/maps?q=35.653168,+-105.975486+(1990 Siringo Rd)",,Clean Title,G61643,"132,843.00 (Accurate?: Yes)",,Used/See Description,
http://govdeals.com,/asset/3/27799,1000.0,2024-12-18T14:45:00Z,1FAHP3FN3BW168529,2011,Ford,Focus,,"South Dennis, Massachusetts, USA",Government,27799-3,"Dennis, MA","120 Theophilis Smith Rd, South Dennis, Massachusetts, 02660-3413, USA","http://maps.google.com/maps?q=41.692281,+-70.143374+(120 Theophilis Smith Rd)",,Clean Title,3,"79,056.00 (Accurate?: )",,Used/See Description,
http://govdeals.com,/asset/651/2695,350.0,2024-12-18T14:45:00Z,1FADP3E29DL272338,2013,Ford,Focus,+12013302080,"Secaucus, New Jersey, USA",Government,2695-651,,"370 Secaucus Rd, Secaucus, New Jersey, 07094-2120, USA","http://maps.google.com/maps?q=40.774274,+-74.059353+(370 Secaucus Rd)",Jason Leppin,Clean Title,651,"125,934.00 (Accurate?: Yes)",jleppin@secaucus.net,Used/See Description,
http://govdeals.com,/asset/1244/19236,750.0,2024-12-18T14:45:00Z,1FAHP35N88W185546,2008,Ford,Focus,,"Topeka, Kansas, USA",Government,19236-1244,State of Kansas,"2830 SW Kanza Dr, Topeka, Kansas, 66606-2452, USA","http://maps.google.com/maps?q=39.066895,+-95.712891+(2830 SW Kanza Dr)",,Clean Title,S-25-8225,"120,684.00 (Accurate?: Yes)",,Used/See Description,
http://govdeals.com,/asset/13847/12157,1500.0,2024-12-18T14:45:00Z,1FADP3F20EL383070,2014,Ford,Focus,,"Lincoln, Nebraska, USA",Government,12157-13847,State of Nebraska,"5001 S 14th St, Lincoln, Nebraska, 68512-1248, USA","http://maps.google.com/maps?q=40.762851,+-96.701752+(5001 S 14th St)",,,6510230102,"77,635.00 (Accurate?: Yes)",,Used/See Description,
http://govdeals.com,/asset/13848/12157,1500.0,2024-12-18T14:45:00Z,1FADP3F28GL392361,2016,Ford,Focus,,"Lincoln, Nebraska, USA",Government,12157-13848,State of Nebraska,"5001 S 14th St, Lincoln, Nebraska, 68512-1248, USA","http://maps.google.com/maps?q=40.762851,+-96.701752+(5001 S 14th St)",,,6510240014,"65,300.00 (Accurate?: Yes)",,Used/See Description,
http://govdeals.com,/asset/8442/5859,210.0,2024-12-18T14:45:00Z,1FAHP3FNXBW168558,2011,Ford,Focus,,"Salem, Oregon, USA",Government,5859-8442,State of Oregon,"1655 Salem Industrial Dr NE, Salem, Oregon, 97301-0375, USA","http://maps.google.com/maps?q=44.971538,+-123.011183+(1655 Salem Industrial Dr NE)",,Clean Title,272682,"129,271.00 (Accurate?: Yes)",,Used/See Description,
http://govdeals.com,/asset/2288/455,20.0,2024-12-18T14:45:00Z,3FAFP37N45R138775,2005,Ford,Focus,+14234835898,"Johnson City, Tennessee, USA",Government,455-2288,"Johnson City, TN","333 E Maple St, , Johnson City, Tennessee, 37601-5803, USA","http://maps.google.com/maps?q=36.315374,+-82.344727+(333 E Maple St)",Donna Tallmadge,Yes: No Title,18,,dtallmadge@johnsoncitytn.org,Used/See Description,
http://govdeals.com,/asset/8007/4740,1000.0,2024-12-18T14:45:00Z,1FADP3F23FL376115,2015,Ford,Focus,+13523937876,"Gainesville, Florida, USA",Government,4740-8007,,"405 NW 39th Ave, Bldg C, Gainesville, Florida, 32609-1738, USA","http://maps.google.com/maps?q=29.688431,+-82.329587+(405 NW 39th Ave)",Kathryn Alford,,S37-5001-450,,alfordkd@cityofgainesville.org,Used/See Description,
http://govdeals.com,/asset/364/25530,500.0,2024-12-18T14:45:00Z,1FADP3FE2GL331999,2016,Ford,Focus,,"Riverside, California, USA",Government,25530-364,"San Diego County Fleet Services, CA","Offsite-call for address 9092030548, , Riverside, California, 92123, USA","http://maps.google.com/maps?f=q&hl=en&q=Offsite-call for address 9092030548,+Riverside,+CA+92123",,Clean Title,G22392-16,"76,475.00 (Accurate?: )",,Used/See Description,
http://govdeals.com,/asset/358/25530,500.0,2024-12-18T14:45:00Z,1FADP3FE7GL331996,2016,Ford,Focus,,"Riverside, California, USA",Government,25530-358,"San Diego County Fleet Services, CA","Offsite-call for address 9092030548, , Riverside, California, 92123, USA","http://maps.google.com/maps?f=q&hl=en&q=Offsite-call for address 9092030548,+Riverside,+CA+92123",,Clean Title,G22375-16,"72,778.00 (Accurate?: )",,Used/See Description,
http://govdeals.com,/asset/720/5325,4550.0,2024-12-18T14:45:00Z,1FADP3K28FL320399,2015,Ford,Focus,,"Oakville, Ontario, CAN",Government,5325-720,"Oakville, Town of, ON","1140 South Service Rd W, , Oakville, Ontario, L6L 5T7, CAN","http://maps.google.com/maps?q=43.434858,+-79.707252+(1140 South Service Rd W)",,,125905-15,,,Used/See Description,"113,457.00 (Accurate?: Yes)"
http://govdeals.com,/asset/2178/2783,2005.0,2024-12-18T14:45:00Z,1FADP3F25HL233301,2017,Ford,Focus,,"Ames, Iowa, USA",Government,2783-2178,,"921 S 4th St, Ames, Iowa, 50010-6976, USA","http://maps.google.com/maps?q=42.01847,+-93.62227+(921 S 4th St)",,,A34534,"73,624.00 (Accurate?: Yes)",,Used/See Description,
http://govdeals.com,/asset/24/26900,4200.0,2024-12-18T14:45:00Z,1FADP3K25EL296559,2014,Ford,Focus Se,,"Hudson, Florida, USA",Commercial,26900-24,,"7109 Elizabeth Ave, Hudson, Florida, 34667-2046, USA","http://maps.google.com/maps?q=28.334778,+-82.697159+(7109 Elizabeth Ave)",,Clean Title,,"88,604.00 (Accurate?: Yes)",,Used/See Description,
http://govdeals.com,/asset/31/27849,1900.0,2024-12-18T14:45:00Z,1FAHP34N46W137413,2006,Ford,Focus,,"Boynton Beach, Florida, USA",Commercial,27849-31,,"724 N Federal Hwy, Boynton Beach, Florida, 33435-3910, USA","http://maps.google.com/maps?q=26.532708,+-80.057833+(724 N Federal Hwy)",,,16053,"150,899.00 (Accurate?: Yes)",,Used/See Description,
http://govdeals.com,/asset/150/9289,110.0,2024-12-18T14:45:00Z,1FADP3F24FL339879,2015,Ford,Focus,,"Warren, Ohio, USA",Government,9289-150,"Warren, OH","141 South St SE, , Warren, Ohio, 44483-5747, USA","http://maps.google.com/maps?q=41.2342,+-80.81697+(141 South St SE)",,Yes: Salvage Title,24-015,"165,560.00 (Accurate?: Unknown)",,Used/See Description,
http://govdeals.com,/asset/126/7467,525.0,2024-12-18T14:45:00Z,1FADP3R4XHL239480,2017,Ford,Focus,+15415743622,"Newport, Oregon, USA",Government,7467-126,"Central Lincoln Peoples Utility District, OR","7501 NE Avery St, Newport, Oregon, 97365-9558, USA","http://maps.google.com/maps?q=44.692349,+-124.059978+(7501 NE Avery St)",Bryan McKinney,,Unit #EV31,"34,572.00 (Accurate?: Yes)",bmckinney@cencoast.com,Used/See Description,
http://govdeals.com,/asset/359/25530,625.0,2024-12-18T14:45:00Z,1FADP3FE5GL332001,2016,Ford,Focus,,"Riverside, California, USA",Government,25530-359,"San Diego County Fleet Services, CA","Offsite-call for address 9092030548, , Riverside, California, 92123, USA","http://maps.google.com/maps?f=q&hl=en&q=Offsite-call for address 9092030548,+Riverside,+CA+92123",,Clean Title,G22377-16,"69,634.00 (Accurate?: )",,Used/See Description,
http://govdeals.com,/asset/48354/226,1725.0,2024-12-18T14:45:00Z,1FADP3F22GL259563,2016,Ford,Focus,+18043676526,"Richmond, Virginia, USA",Government,226-48354,,"2400 W Leigh St, Richmond, Virginia, 23220-1327, USA","http://maps.google.com/maps?q=37.562748,+-77.463239+(2400 W Leigh St)",Detrich Richardson,Clean Title,,,detrich.richardson@dgs.virginia.gov,Used/See Description,
http://govdeals.com,/asset/25/26900,4100.0,2024-12-18T14:45:00Z,1FADP3K21DL341513,2013,Ford,Focus,,"Hudson, Florida, USA",Commercial,26900-25,,"7109 Elizabeth Ave, Hudson, Florida, 34667-2046, USA","http://maps.google.com/maps?q=28.334778,+-82.697159+(7109 Elizabeth Ave)",,Clean Title,,"79,786.00 (Accurate?: Yes)",,Used/See Description,
http://govdeals.com,/asset/48368/226,3500.0,2024-12-18T14:45:00Z,1FADP3F28HL215312,2017,Ford,Focus,+18043676549,"Richmond, Virginia, USA",Government,226-48368,,"2400 W Leigh St, Richmond, Virginia, 23220-1327, USA","http://maps.google.com/maps?q=37.562748,+-77.463239+(2400 W Leigh St)",Beth Cooley,Clean Title,P17126,"94,314.00 (Accurate?: )",beth.cooley@dgs.virginia.gov,Used/See Description,
http://govdeals.com,/asset/48366/226,3000.0,2024-12-18T14:45:00Z,1FADP3F26GL399955,2016,Ford,Focus,+18043676549,"Richmond, Virginia, USA",Government,226-48366,,"2400 W Leigh St, Richmond, Virginia, 23220-1327, USA","http://maps.google.com/maps?q=37.562748,+-77.463239+(2400 W Leigh St)",Beth Cooley,Clean Title,P16399,"31,472.00 (Accurate?: Yes)",beth.cooley@dgs.virginia.gov,Used/See Description,
http://govdeals.com,/asset/48367/226,4000.0,2024-12-18T14:45:00Z,1FADP3F27HL215303,2017,Ford,Focus,+18043676549,"Richmond, Virginia, USA",Government,226-48367,,"2400 W Leigh St, Richmond, Virginia, 23220-1327, USA","http://maps.google.com/maps?q=37.562748,+-77.463239+(2400 W Leigh St)",Beth Cooley,Clean Title,P17124,"53,678.00 (Accurate?: )",beth.cooley@dgs.virginia.gov,Used/See Description,
http://govdeals.com,/asset/48371/226,2500.0,2024-12-18T14:45:00Z,1FADP3F22HL309007,2017,Ford,Focus,+18043676549,"Richmond, Virginia, USA",Government,226-48371,,"2400 W Leigh St, Richmond, Virginia, 23220-1327, USA","http://maps.google.com/maps?q=37.562748,+-77.463239+(2400 W Leigh St)",Beth Cooley,Clean Title,P17184,"91,126.00 (Accurate?: )",beth.cooley@dgs.virginia.gov,Used/See Description,
http://govdeals.com,/asset/193/578,1400.0,2024-12-18T14:45:00Z,1FAHP34N19W136692,2009,Ford,Focus,+18288943301,"Columbus, North Carolina, USA",Government,578-193,,"40 Courthouse St, Polk County Government, Columbus, North Carolina, 28722, USA","http://maps.google.com/maps?q=35.2455,+-82.1757+(40 Courthouse St)",Ange' High,,109,"167,534.00 (Accurate?: Yes)",ahigh@polknc.org,Used/See Description,
http://govdeals.com,/asset/17/23863,260.0,2024-12-18T14:45:00Z,3FAFP31301R159074,2001,Ford,Focus,,"East Moline, Illinois, USA",Government,23863-17,"East Moline, IL","1200 13th Ave, East Moline, Illinois, 61244-1744, USA","http://maps.google.com/maps?q=41.520546,+-90.43602+(1200 13th Ave)",,,,"103,575.00 (Accurate?: Yes)",,Used/See Description,
http://govdeals.com,/asset/422/21509,1000.0,2024-12-18T14:45:00Z,,2013,Ford,Focus,,"West Palm Beach, Florida, USA",Commercial,21509-422,,"1126 53rd Ct N, West Palm Beach, Florida, 33407, USA","http://maps.google.com/maps?q=26.7497,+-80.0731+(1126 53rd Ct N)",,,PT1223V,"112,207.00 (Accurate?: Yes)",,Used/See Description,
http://govdeals.com,/asset/48/4599,500.0,2024-12-18T14:45:00Z,1FAHP34N36W243500,2006,Ford,Focus,,"Kinnelon, New Jersey, USA",Government,4599-48,"Kinnelon Borough, NJ","130 Kinnelon Rd, Kinnelon, New Jersey, 07405-2336, USA","http://maps.google.com/maps?q=40.992582,+-74.380674+(130 Kinnelon Rd)",,,Police car,"88,423.00 (Accurate?: Yes)",,Used/See Description,
http://govdeals.com,/asset/250/27091,300.0,2024-12-18T14:45:00Z,1FAHP36N39W246544,2009,Ford,Focus,,"Clinton, Maryland, USA",Commercial,27091-250,,"7827 Branch Ave, Clinton, Maryland, 20735-1624, USA","http://maps.google.com/maps?q=38.781579,+-76.894572+(7827 Branch Ave)",,Clean Title,5033,"186,579.00 (Accurate?: Yes)",,Used/See Description,
http://govdeals.com,/asset/131/27415,100.0,2024-12-18T14:45:00Z,1FAFP34P9YW131795,2000,Ford,Focus,,"Louisville, Kentucky, USA",Commercial,27415-131,,"3904 Bishop Ln, Louisville, Kentucky, 40218-2943, USA","http://maps.google.com/maps?q=38.187191,+-85.694634+(3904 Bishop Ln)",,,8900,,,Used/See Description,
http://govdeals.com,/asset/995/482,100.0,2024-12-18T14:45:00Z,1FAHP3FN3AW110774,2010,Ford,Focus,+15025406757,"Louisville, Kentucky, USA",Government,482-995,,"3050 Commerce Center Pl, Louisville, Kentucky, 40211-1972, USA","http://maps.google.com/maps?q=38.221441,+-85.810105+(3050 Commerce Center Pl)",Robert Waltz,Clean Title,MSD 2747,"109,181.00 (Accurate?: Yes)",robert.waltz@louisvillemsd.org,Used/See Description,
http://govdeals.com,/asset/1680/26446,575.0,2024-12-18T14:45:00Z,1FADP3F21HL243548,2017,Ford,Focus,,"Albany, New York, USA",Government,26446-1680,,"1220 Washington Ave, Building 18 - Suite 102, Albany, New York, 12226, USA","http://maps.google.com/maps?q=42.68038558959961,+-73.81611633300781+(1220 Washington Ave)",,,171747,"82,695.00 (Accurate?: Unknown)",,Used/See Description,
http://govdeals.com,/asset/56/27415,100.0,2024-12-18T14:45:00Z,3FAFP37N05R118488,2005,Ford,Focus,,"Louisville, Kentucky, USA",Commercial,27415-56,,"3904 Bishop Ln, Louisville, Kentucky, 40218-2943, USA","http://maps.google.com/maps?q=38.187191,+-85.694634+(3904 Bishop Ln)",,Yes: Other (See Description),9897,"94,361.00 (Accurate?: Yes)",,Used/See Description,
http://govdeals.com,/asset/1670/26446,500.0,2024-12-18T14:45:00Z,1FADP3E21EL414733,2014,Ford,Focus,,"Romulus, New York, USA",Government,26446-1670,,"6069 State Route 96A, , Romulus, New York, 14541, USA","http://maps.google.com/maps?q=42.737281799316406,+-76.8910903930664+(6069 State Route 96A)",,Clean Title,141442,"114,032.00 (Accurate?: Yes)",,Used/See Description,
http://govdeals.com,/asset/395/23002,60.0,2024-12-18T14:45:00Z,1FADP3K28HL216062,2017,Ford,Focus,+19317393271,"Cookeville, Tennessee, USA",Commercial,23002-395,,"2301 Fisk Rd, Cookeville, Tennessee, 38506-5006, USA","http://maps.google.com/maps?q=36.192221,+-85.479396+(2301 Fisk Rd)",Justin Fredrico,,,"94,561.00 (Accurate?: Unknown)",jturner.das@gmail.com,Used/See Description,
http://govdeals.com,/asset/14126/6250,410.0,2024-12-18T14:45:00Z,1FAHP3FN8AW126002,2010,Ford,Focus,+12818750246,"Houston, Texas, USA",Government,6250-14126,,"1530 Greensmark Dr, Houston, Texas, 77067-9995, USA","http://maps.google.com/maps?q=29.942562,+-95.447381+(1530 Greensmark Dr)",Cesar Flores,Yes: Government Form SF97 Provided,0917748,"140,125.00 (Accurate?: Yes)",Cesar.a.flores@usps.gov,Used/See Description,
http://govdeals.com,/asset/3090/3604,10.0,2024-12-18T14:45:00Z,1FAFP34N65W254223,2005,Ford,Focus,+14107236643,"Ocean City, Maryland, USA",Government,3604-3090,,"214A 65th St, Suite 4-119, Ocean City, Maryland, 21842-5197, USA","http://maps.google.com/maps?q=38.38801,+-75.067199+(214A 65th St)",Dawn Leonard,,PD973-24,,DLeonard@oceancitymd.gov,Used/See Description,
http://govdeals.com,/asset/1770/26446,550.0,2024-12-18T14:45:00Z,1FADP3E28FL276934,2015,Ford,Focus,,"Brentwood, New York, USA",Government,26446-1770,,"101 Wilshire Blvd, Brentwood, New York, 11717-8325, USA","http://maps.google.com/maps?q=40.781419,+-73.291115+(101 Wilshire Blvd)",,,151355,"81,113.00 (Accurate?: Unknown)",,Used/See Description,
http://govdeals.com,/asset/1766/26446,575.0,2024-12-18T14:45:00Z,1FADP3E26EL330682,2014,Ford,Focus,,"Brentwood, New York, USA",Government,26446-1766,,"101 Wilshire Blvd, Brentwood, New York, 11717-8325, USA","http://maps.google.com/maps?q=40.781419,+-73.291115+(101 Wilshire Blvd)",,,141191,"127,721.00 (Accurate?: Unknown)",,Used/See Description,
http://govdeals.com,/asset/48435/226,3500.0,2024-12-18T14:45:00Z,1FADP3F26GL399955,2016,Ford,Focus,+18043676549,"Richmond, Virginia, USA",Government,226-48435,,"2400 W Leigh St, Richmond, Virginia, 23220-1327, USA","http://maps.google.com/maps?q=37.562748,+-77.463239+(2400 W Leigh St)",Beth Cooley,,399955,"31,472.00 (Accurate?: Yes)",beth.cooley@dgs.virginia.gov,Used/See Description,
http://govdeals.com,/asset/360/25530,500.0,2025-02-11T05:15:00Z,1FADP3FE7GL332002,2016,Ford,Focus,,"Riverside, California, USA",Government,25530-360,"San Diego County Fleet Services, CA","Offsite-call for address 9092030548, , Riverside, California, 92123, USA","http://maps.google.com/maps?f=q&hl=en&q=Offsite-call for address 9092030548,+Riverside,+CA+92123",,Clean Title,G22378-16,"67,732.00 (Accurate?: )",,Used/See Description,
http://govdeals.com,/asset/52/8515,210.0,2025-02-10T21:20:00Z,1FAHP3E20CL216398,2012,Ford,Focus,,"Palisades Park, New Jersey, USA",Government,8515-52,,"275 Broad Ave, Palisades Park, New Jersey, 07650-1534, USA","http://maps.google.com/maps?q=40.84795,+-73.99783+(275 Broad Ave)",,,,"59,801.00 (Accurate?: Yes)",,Used/See Description,
http://govdeals.com,/asset/363/24037,1000.0,2025-02-11T01:11:00Z,1FADP3F20EL436656,2014,Ford,Focus,,"Jacksonville, Florida, USA",Commercial,24037-363,,"120 Lee Rd, Jacksonville, Florida, 32225-6515, USA","http://maps.google.com/maps?q=30.325463,+-81.536787+(120 Lee Rd)",,Clean Title,322,"142,033.00 (Accurate?: Unknown)",,Used/See Description,
http://govdeals.com,/asset/1596/3793,2500.0,2025-02-13T16:30:00Z,1FADP3K25EL356081,2014,Ford,Focus SE Hatchback,,"Temple, Texas, USA",Government,3793-1596,,"3210 E Avenue H, , Temple, Texas, 76501-8400, USA","http://maps.google.com/maps?q=31.081011,+-97.310158+(3210 E Avenue H)",,Clean Title,13880,"33,871.00 (Accurate?: Yes)",,Used/See Description,
http://govdeals.com,/asset/49/8155,500.0,2025-02-11T14:00:00Z,1FAFP34N07W338234,2007,Ford,Ford Focus,+18642604515,"Anderson, South Carolina, USA",Government,8155-49,"Anderson County Disabilities & Special Needs Board, SC","212 McGee Rd, Anderson, South Carolina, 29625-2104, USA","http://maps.google.com/maps?q=34.534777,+-82.687576+(212 McGee Rd)",Marshall Nash,,234,"120,299.00 (Accurate?: Yes)",marshallnash@acdsnb.org,Used/See Description,
http://govdeals.com,/asset/204/6129,1000.0,2025-02-11T13:40:00Z,1FAHP3K26CL328658,2012,Ford,Focus,,"Brooklyn, Ohio, USA",Government,6129-204,,"4800 Tiedeman Rd, Brooklyn, Ohio, 44144-2336, USA","http://maps.google.com/maps?q=41.428287,+-81.76591+(4800 Tiedeman Rd)",,Clean Title,328658,"152,921.00 (Accurate?: Yes)",,Used/See Description,
http://govdeals.com,/asset/50/8155,1324.0,2025-02-11T14:15:00Z,1FAFP34N27W338235,2007,Ford,focus,+18642604515,"Anderson, South Carolina, USA",Government,8155-50,"Anderson County Disabilities & Special Needs Board, SC","212 McGee Rd, Anderson, South Carolina, 29625-2104, USA","http://maps.google.com/maps?q=34.534777,+-82.687576+(212 McGee Rd)",Marshall Nash,,235,"73,035.00 (Accurate?: Yes)",marshallnash@acdsnb.org,Used/See Description,
http://govdeals.com,/asset/38473/8445,1000.0,2025-02-14T04:50:00Z,1FAHP35N68W292823,2008,Ford,Focus,,"Tumwater, Washington, USA",Government,8445-38473,"State of Washington Surplus Operations, WA","7511 New Market St SW, [Only by Appointment], Tumwater, Washington, 98501-5701, USA","http://maps.google.com/maps?q=46.980812,+-122.911591+(7511 New Market St SW)",,Clean Title,24-4515,"117,618.00 (Accurate?: Yes)",,Used/See Description,
http://govdeals.com,/asset/8595/5859,1625.0,2025-02-14T01:45:00Z,1FAHP3FN5BW182352,2011,Ford,Focus,,"Salem, Oregon, USA",Government,5859-8595,State of Oregon,"1655 Salem Industrial Dr NE, Salem, Oregon, 97301-0375, USA","http://maps.google.com/maps?q=44.971538,+-123.011183+(1655 Salem Industrial Dr NE)",,Clean Title,274222,"136,240.00 (Accurate?: Yes)",,Used/See Description,
http://govdeals.com,/asset/1801/26446,500.0,2025-02-14T18:30:00Z,1FAFP34N57W289001,2007,Ford,Focus,,"Cohoes, New York, USA",Government,26446-1801,,"1 Delaware Ave, , Cohoes, New York, 12047, USA","http://maps.google.com/maps?q=42.77510070800781,+-73.71170043945312+(1 Delaware Ave)",,Clean Title,072109,"110,065.00 (Accurate?: )",,Used/See Description,
http://govdeals.com,/asset/1802/26446,500.0,2025-02-14T18:40:00Z,1FADP3E24EL220228,2014,Ford,Focus,,"Cohoes, New York, USA",Government,26446-1802,,"1 Delaware Ave, , Cohoes, New York, 12047, USA","http://maps.google.com/maps?q=42.77510070800781,+-73.71170043945312+(1 Delaware Ave)",,Clean Title,141022,"102,389.00 (Accurate?: Unknown)",,Used/See Description,
http://govdeals.com,/asset/546/2010,210.0,2025-02-15T17:00:00Z,1FAFP37N57W332604,2007,Ford,Focus,,"Conyers, Georgia, USA",Government,2010-546,,"2570 Old Covington Hwy SW, Conyers, Georgia, 30012-3310, USA","http://maps.google.com/maps?q=33.694089,+-84.069883+(2570 Old Covington Hwy SW)",,,AG9486,"128,653.00 (Accurate?: Unknown)",,Used/See Description,
http://govdeals.com,/asset/66/26928,3100.0,2025-02-17T18:14:00Z,1FADP3N28JL273279,2018,Ford,Focus Titanium Sedan,,"Macon, Georgia, USA",Commercial,26928-66,Liquidity Services - GCZ4LSLLC,"895 3rd St, , Macon, Georgia, 31201, USA","http://maps.google.com/maps?q=32.829715728759766,+-83.63300323486328+(895 3rd St)",,Clean Title,HRM-273279,"81,410.00 (Accurate?: Yes)",,Used/See Description,
http://govdeals.com,/asset/1723/865,500.0,2025-02-17T22:00:00Z,1FADP3E25HL261987,2017,Ford,Focus,,"Albany, Georgia, USA",Government,865-1723,"Albany, GA","1726 Lily Pond Rd, Albany, Georgia, 31701-7761, USA","http://maps.google.com/maps?q=31.51316,+-84.198957+(1726 Lily Pond Rd)",,Clean Title,17-194,"19,035.00 (Accurate?: Yes)",,Used/See Description,
http://govdeals.com,/asset/15755/10337,220.0,2025-02-25T20:25:00Z,1FAHP3FN1BW122312,2011,Ford,Focus,,"Columbus, Ohio, USA",Government,10337-15755,"State of Ohio, OH","4200 Surface Rd, Columbus, Ohio, 43228-1313, USA","http://maps.google.com/maps?q=39.95633,+-83.115778+(4200 Surface Rd)",,Clean Title,25V264894/B-02,"124,628.00 (Accurate?: Yes)",,Used/See Description,
http://govdeals.com,/asset/85/26258,1000.0,2025-02-14T01:00:00Z,1FADP3F21DL112565,2013,Ford,Focus SE,,"Hudson, Florida, USA",Commercial,26258-85,,"7041 Elizabeth Ave, Unit A, Hudson, Florida, 34667-2092, USA","http://maps.google.com/maps?q=28.334779,+-82.697787+(7041 Elizabeth Ave)",,Clean Title,,"145,633.00 (Accurate?: Yes)",,Used/See Description,
http://govdeals.com,/en/asset/3679/26446,1000.0,2025-08-11T18:40:00Z,1FADP3F29HL203489,2017,Ford,Focus,,"Albany, New York, USA",Government,26446-3679,,"1220 Washington Ave, Building 18 - Suite 102, Albany, New York, 12226, USA","http://maps.google.com/maps?q=42.68038558959961,+-73.81611633300781+(1220 Washington Ave)",,Clean Title,171732,"86,503.00 (Accurate?: Yes)",,Used/See Description,
http://govdeals.com,/en/asset/931/125,525.0,2025-08-16T19:15:00Z,1FAHP35N09W261469,2009,Ford,Focus SE,+19372743128,"Dayton, Ohio, USA",Government,125-931,,"409 E Monument Ave, Dayton, Ohio, 45402-1260, USA","http://maps.google.com/maps?q=39.76486,+-84.186108+(409 E Monument Ave)",Andy Tarter,Clean Title,107162,"107,540.00 (Accurate?: Yes)",Andrew.Tarter@metroparks.org,Used/See Description,
http://govdeals.com,/en/asset/9180/5859,200.0,2025-08-16T01:30:00Z,1FAHP3FN3BW182351,2011,Ford,Focus,,"Salem, Oregon, USA",Government,5859-9180,State of Oregon,"1655 Salem Industrial Dr NE, Salem, Oregon, 97301-0375, USA","http://maps.google.com/maps?q=44.971538,+-123.011183+(1655 Salem Industrial Dr NE)",,Clean Title,281716,"96,376.00 (Accurate?: Yes)",,Used/See Description,
http://govdeals.com,/en/asset/2548/22485,306.0,2025-08-13T20:40:00Z,1FAHP3F25CL156553,2012,FORD,Focus,,"Akron, Ohio, USA",Government,22485-2548,"Ohio Department of Transportation, OH","1729 Harlem Rd, Akron, Ohio, 44320, USA","http://maps.google.com/maps?f=q&hl=en&q=1729 Harlem Rd,+Akron,+OH+44320",,Clean Title,1017956-04,"102,655.00 (Accurate?: Yes)",,Used/See Description,
http://govdeals.com,/en/asset/3704/26446,500.0,2025-08-12T18:30:00Z,1FADP3E25EL414735,2014,Ford,Focus,,"West Babylon, New York, USA",Government,26446-3704,,"625 Belmont Ave, West Babylon, New York, 11704-1939, USA","http://maps.google.com/maps?q=40.738091,+-73.346155+(625 Belmont Ave)",,Clean Title,141441,"77,247.00 (Accurate?: Unknown)",,Used/See Description,
http://govdeals.com,/en/asset/17745/10337,200.0,2025-08-19T20:35:00Z,1FADP3F27EL295861,2014,Ford,Focus,,"Columbus, Ohio, USA",Government,10337-17745,"State of Ohio, OH","4200 Surface Rd, Columbus, Ohio, 43228-1313, USA","http://maps.google.com/maps?q=39.95633,+-83.115778+(4200 Surface Rd)",,Clean Title,26V288008/B-10,"137,019.00 (Accurate?: Yes)",,Used/See Description,
http://govdeals.com,/en/asset/41296/8445,500.0,2025-08-16T02:15:00Z,1FADP3F20FL342990,2015,Ford,Focus,,"Tumwater, Washington, USA",Government,8445-41296,"State of Washington Surplus Operations, WA","7511 New Market St SW, [Only by Appointment], Tumwater, Washington, 98501-5701, USA","http://maps.google.com/maps?q=46.980812,+-122.911591+(7511 New Market St SW)",,Clean Title,25-2567,"109,055.00 (Accurate?: Yes)",,Used/See Description,
http://govdeals.com,/en/asset/2547/22485,410.0,2025-08-13T22:00:00Z,1FAHP3F23CL156552,2012,FORD,Focus,,"Akron, Ohio, USA",Government,22485-2547,"Ohio Department of Transportation, OH","1729 Harlem Rd, Akron, Ohio, 44320, USA","http://maps.google.com/maps?f=q&hl=en&q=1729 Harlem Rd,+Akron,+OH+44320",,Clean Title,1017955-04,"145,646.00 (Accurate?: Yes)",,Used/See Description,
http://govdeals.com,/en/asset/36/24049,200.0,2025-08-11T22:00:00Z,1FAFP34NX7W208719,2007,Ford,Focus,,"Russells Point, Ohio, USA",Government,24049-36,,"433 State Route 708, Russells Point, Ohio, 43348-9710, USA","http://maps.google.com/maps?q=40.465728,+-83.893589+(433 State Route 708)",,Yes: Salvage Title,25-015,"144,599.00 (Accurate?: Yes)",,Used/See Description,
http://govdeals.com,/en/asset/17751/10337,410.0,2025-08-19T21:05:00Z,1FADP3F20EL295877,2014,Ford,Focus,,"Columbus, Ohio, USA",Government,10337-17751,"State of Ohio, OH","4200 Surface Rd, Columbus, Ohio, 43228-1313, USA","http://maps.google.com/maps?q=39.95633,+-83.115778+(4200 Surface Rd)",,Clean Title,26V288007/C-07,"63,841.00 (Accurate?: Yes)",,Used/See Description,
http://govdeals.com,/en/asset/34/28680,600.0,2025-08-13T00:45:00Z,1FAHP3F29CL456354,2012,Ford,Focus,,"Houston, Texas, USA",Commercial,28680-34,,"6203 Airline Dr, Suite A, Houston, Texas, 77076-3546, USA","http://maps.google.com/maps?q=29.8591,+-95.3838+(6203 Airline Dr)",,,202530,"160,945.00 (Accurate?: Yes)",,Used/See Description,
http://govdeals.com,/en/asset/17746/10337,301.0,2025-08-19T20:40:00Z,1FADP3F23EL295890,2014,Ford,Focus,,"Columbus, Ohio, USA",Government,10337-17746,"State of Ohio, OH","4200 Surface Rd, Columbus, Ohio, 43228-1313, USA","http://maps.google.com/maps?q=39.95633,+-83.115778+(4200 Surface Rd)",,Clean Title,26V288260/B-11,"82,981.00 (Accurate?: Yes)",,Used/See Description,
http://govdeals.com,/en/asset/1372/19236,600.0,2025-08-18T16:34:00Z,,2014,FORD,FOCUS SI4,,"Topeka, Kansas, USA",Government,19236-1372,State of Kansas,"2830 SW Kanza Dr, Topeka, Kansas, 66606-2452, USA","http://maps.google.com/maps?q=39.066895,+-95.712891+(2830 SW Kanza Dr)",,,25-8829,,,Used/See Description,
http://govdeals.com,/en/asset/1525/26960,1200.0,2025-08-11T23:40:00Z,1FAHP3FN3AW262330,2010,Ford,Focus,,"Jacksonville, Florida, USA",Commercial,26960-1525,,"5321 Fairmont St, Jacksonville, Florida, 32207, USA","http://maps.google.com/maps?q=30.29669952392578,+-81.610595703125+(5321 Fairmont St)",,Clean Title,,"183,294.00 (Accurate?: Yes)",,Used/See Description,
http://govdeals.com,/en/asset/41298/8445,500.0,2025-08-16T02:30:00Z,1FAHP3E27CL424035,2012,Ford,Focus,,"Tumwater, Washington, USA",Government,8445-41298,"State of Washington Surplus Operations, WA","7511 New Market St SW, [Only by Appointment], Tumwater, Washington, 98501-5701, USA","http://maps.google.com/maps?q=46.980812,+-122.911591+(7511 New Market St SW)",,Clean Title,25-2550,"159,920.00 (Accurate?: )",,Used/See Description,
http://govdeals.com,/en/asset/63/23566,1580.0,2025-08-17T23:23:00Z,1FAHP3F21CL259517,2012,Ford,Focus,,"Sugar Land, Texas, USA",Commercial,23566-63,,"10110 Belknap Rd, Sugar Land, Texas, 77498-1110, USA","http://maps.google.com/maps?q=29.668366,+-95.623955+(10110 Belknap Rd)",,Yes: Salvage Title,,"88,200.00 (Accurate?: Yes)",,Used/See Description,
http://govdeals.com,/en/asset/17692/10337,4055.0,2025-08-12T20:20:00Z,1FADP3F22GL329482,2016,Ford,Focus,,"Columbus, Ohio, USA",Government,10337-17692,"State of Ohio, OH","4200 Surface Rd, Columbus, Ohio, 43228-1313, USA","http://maps.google.com/maps?q=39.95633,+-83.115778+(4200 Surface Rd)",,Clean Title,26V287121/A-11,"54,964.00 (Accurate?: Yes)",,Used/See Description,
http://govdeals.com,/en/asset/1373/19236,1900.0,2025-08-18T18:23:00Z,,2018,FORD,FOCUS SI4,,"Topeka, Kansas, USA",Government,19236-1373,State of Kansas,"2830 SW Kanza Dr, Topeka, Kansas, 66606-2452, USA","http://maps.google.com/maps?q=39.066895,+-95.712891+(2830 SW Kanza Dr)",,,25-8828,,,Used/See Description,
http://govdeals.com,/en/asset/3505/26446,500.0,2025-08-12T19:20:00Z,1FADP3E24EL401135,2014,Ford,Focus,,"Pleasant Valley, New York, USA",Government,26446-3505,,"14 Maintenance Ln, , Pleasant Valley, New York, 12569, USA","http://maps.google.com/maps?q=41.690513610839844,+-73.7991943359375+(14 Maintenance Ln)",,Clean Title,141437.1,"79,714.00 (Accurate?: Unknown)",,Used/See Description,
http://govdeals.com,/en/asset/24/28680,1300.0,2025-08-12T01:34:00Z,1FADP3F23FL228675,2015,Ford,Focus,,"Houston, Texas, USA",Commercial,28680-24,,"6203 Airline Dr, Suite A, Houston, Texas, 77076-3546, USA","http://maps.google.com/maps?q=29.8591,+-95.3838+(6203 Airline Dr)",,,202522,"107,450.00 (Accurate?: )",,Used/See Description,
http://govdeals.com,/en/asset/51544/8149,1000.0,2025-08-18T20:40:00Z,1FADP3E25HL267420,2017,Ford,Focus,,"Denver, Colorado, USA",Government,8149-51544,"Denver City and County, CO","5440 Roslyn St, Building A, Denver, Colorado, 80216-6002, USA","http://maps.google.com/maps?q=39.794295,+-104.901488+(5440 Roslyn St)",,Clean Title,A7105,"52,409.00 (Accurate?: Yes)",,Used/See Description,
http://govdeals.com,/en/asset/18/28692,500.0,2025-08-13T16:19:00Z,1FAFP31N06W168735,2006,Ford,Focus,,"Billerica, Massachusetts, USA",Commercial,28692-18,,"741 Boston Rd, Billerica, Massachusetts, 01821-5933, USA","http://maps.google.com/maps?q=42.534778,+-71.23464+(741 Boston Rd)",,Clean Title,,"150,250.00 (Accurate?: )",,Used/See Description,
http://govdeals.com,/en/asset/3615/26446,250.0,2025-08-13T18:50:00Z,1FADP3E28EL330683,2014,Ford,Focus,,"New Paltz, New York, USA",Government,26446-3615,,"21 S Putt Corners Rd, , New Paltz, New York, 12561, USA","http://maps.google.com/maps?q=41.739990234375,+-74.0696792602539+(21 S Putt Corners Rd)",,Clean Title,141472,"126,378.00 (Accurate?: Unknown)",,Used/See Description,
http://govdeals.com,/en/asset/425/26468,1.0,2025-08-14T00:08:00Z,,2005,Ford,Focus,,"Sacramento, California, USA",Commercial,26468-425,,"Call for Address Sacramento , Sacramento, California, 95823, USA","http://maps.google.com/maps?f=q&hl=en&q=Call for Address Sacramento ,+Sacramento,+CA+95823",,Clean Title,,"171,100.00 (Accurate?: Yes)",,Used/See Description,
http://govdeals.com,/en/asset/38/22966,290.0,2025-08-11T17:54:00Z,1FAFP34N67W104244,2007,Ford,Focus,,"Fort Dodge, Iowa, USA",Government,22966-38,"Iowa Central Community College, IA","1 Triton Cir, Fort Dodge, Iowa, 50501-5730, USA","http://maps.google.com/maps?q=42.489765,+-94.195919+(1 Triton Cir)",,Clean Title,,"220,683.00 (Accurate?: Yes)",,Used/See Description,
http://govdeals.com,/en/asset/1371/19236,1201.0,2025-08-18T16:22:00Z,,2014,FORD,FOCUS SI4,,"Topeka, Kansas, USA",Government,19236-1371,State of Kansas,"2830 SW Kanza Dr, Topeka, Kansas, 66606-2452, USA","http://maps.google.com/maps?q=39.066895,+-95.712891+(2830 SW Kanza Dr)",,,25-8832,,,Used/See Description,
http://govdeals.com,/en/asset/7099/12,1400.0,2025-08-12T17:30:00Z,1FAHP3EN8BW151873,2011,Ford,Focus,+18506944747,"Tallahassee, Florida, USA",Government,12-7099,"Tallahassee, FL","2621 Municipal Way, Tallahassee, Florida, 32304-3803, USA","http://maps.google.com/maps?q=30.435637,+-84.334587+(2621 Municipal Way)",Glenn Strickland,Clean Title,FLEET / #20025,"29,768.00 (Accurate?: Yes)",glenn.strickland@talgov.com,Used/See Description,
http://govdeals.com,/en/asset/1374/19236,1500.0,2025-08-18T18:38:00Z,,2014,FORD,FOCUS SI4,,"Topeka, Kansas, USA",Government,19236-1374,State of Kansas,"2830 SW Kanza Dr, Topeka, Kansas, 66606-2452, USA","http://maps.google.com/maps?q=39.066895,+-95.712891+(2830 SW Kanza Dr)",,,25-8830,,,Used/See Description,
http://govdeals.com,/en/asset/17711/10337,3025.0,2025-08-12T21:55:00Z,1FADP3F26EL211819,2014,Ford,Focus,,"Columbus, Ohio, USA",Government,10337-17711,"State of Ohio, OH","4200 Surface Rd, Columbus, Ohio, 43228-1313, USA","http://maps.google.com/maps?q=39.95633,+-83.115778+(4200 Surface Rd)",,Clean Title,26V287885/C-24,"71,814.00 (Accurate?: Yes)",,Used/See Description,
http://govdeals.com,/en/asset/933/125,450.0,2025-08-21T17:24:00Z,1FAHP36N77W117171,2007,Ford,Focus Wagon,+19372743128,"Dayton, Ohio, USA",Government,125-933,,"409 E Monument Ave, Dayton, Ohio, 45402-1260, USA","http://maps.google.com/maps?q=39.76486,+-84.186108+(409 E Monument Ave)",Andy Tarter,Clean Title,103657,"135,941.00 (Accurate?: )",Andrew.Tarter@metroparks.org,Used/See Description,
http://govdeals.com,/en/asset/17708/10337,4000.0,2025-08-12T21:40:00Z,1FADP3F27EL295875,2014,Ford,Focus,,"Columbus, Ohio, USA",Government,10337-17708,"State of Ohio, OH","4200 Surface Rd, Columbus, Ohio, 43228-1313, USA","http://maps.google.com/maps?q=39.95633,+-83.115778+(4200 Surface Rd)",,Clean Title,26V287882/C-20,"94,468.00 (Accurate?: Yes)",,Used/See Description,
http://govdeals.com,/en/asset/427/26468,100.0,2025-08-16T02:45:00Z,,2005,Ford,Focus,,"Sacramento, California, USA",Commercial,26468-427,,"Call for Address Sacramento , Sacramento, California, 95823, USA","http://maps.google.com/maps?f=q&hl=en&q=Call for Address Sacramento ,+Sacramento,+CA+95823",,Clean Title,,"176,700.00 (Accurate?: Yes)",,Used/See Description,
http://govdeals.com,/en/asset/6/29430,415.0,2025-08-14T20:00:00Z,1FAHP3M27CL205514,2012,Ford,Focus,,"Lancaster, Kentucky, USA",Government,29430-6,,"319 Stanford St, Lancaster, Kentucky, 40444-1238, USA","http://maps.google.com/maps?q=37.614275,+-84.579365+(319 Stanford St)",,,,"249,229.00 (Accurate?: Yes)",,Used/See Description,
http://govdeals.com,/en/asset/6411/603,1200.0,2025-08-15T23:26:00Z,1FAHP35N78W294452,2008,Ford,Focus,+17406705162,"Newark, Ohio, USA",Government,603-6411,"Licking County, OH","74 S 2nd St, Newark, Ohio, 43055-5415, USA","http://maps.google.com/maps?q=40.05661,+-82.400023+(74 S 2nd St)",Dave Bibler,Clean Title,JFSLOT6890,"103,353.00 (Accurate?: Yes)",dbibler@lickingcounty.gov,Used/See Description,
http://govdeals.com,/en/asset/439/28146,410.0,2025-08-14T23:00:00Z,1FADP3F22EL243182,2014,Ford,Focus,,"Brooklyn, New York, USA",,28146-439,,,"http://maps.google.com/maps?f=q&hl=en&q=98 Tilary St,+Brooklyn,+NY+11201",,Clean Title,243182,"10,000.00 (Accurate?: Yes)",,Used/See Description,
